OBJECTID,Obs_id,Date,Year,Location name,Location type,District mentioned,Province,Ward/Phường,Commune/Xã,Current admin unit,Water height min (cm),Water height max (cm),Depth class,Cause,Impact type,Source id,Source type,Spatial precision,Geocoding method,Duration (h),Observation notes
4,Obs_1,,2025,Đường Bình quới,Street,Bình Thạnh,,Phường 27,,Phường Bình quới,15,30,Moderate,High tide,Traffic distruption ,SRC_1,Newspaper,Low,Street point ,,
6,Obs_2,,2025,Đường Trần Xuân Soạn,Street,District 7,,Phường Tân Kiểng,,Phường Tân Hưng,15,30,Moderate,High tide,Traffic distruption ,SRC_1,Newspaper,Low,Street point,,
7,Obs_3,,2025,Đường Huỳnh Tấn Phát,Street,District 7,,Phường Phú Mỹ,,Phường Tân Mỹ,15,30,Moderate,High tide,Traffic distruption ,SRC_1,Newspaper,Low,Street point,,
9,Obs_4,,2025,Đường Lê Văn Lương,Street,Nhà Bè,,,Phước Kiển,Nhà Bè,15,30,Moderate,High tide,Traffic distruption ,SRC_1,Newspaper,Low,Street point,,
10,Obs_5,,2025,Đường Phạm Hữu Lầu,Street,Nhà Bè,,,Phước Kiển,Nhà Bè,15,30,Moderate,High tide,Traffic distruption ,SRC_1,Newspaper,Low,Street point,,
11,Obs_6,,2025,Đường Nguyễn Bình,Street,Nhà Bè,,,Nhơn Đức,Xa Hiệp Phước,15,30,Moderate,High tide,Traffic distruption ,SRC_1,Newspaper,Low,Street point,,
12,Obs_7,,2025,Đường Nguyễn Văn Hưởng,Street,District 2,,Phường Thảo Điền,,Phường An Khánh,15,30,Moderate,High tide,Traffic distruption ,SRC_1,Newspaper,Low,Street point,,
14,Obs_8,,2025,Đường Võ Nguyên Giáp,Street,District 2,,Phường Thảo Điền,,Phường An Khánh,15,30,Moderate,High tide,Traffic distruption ,SRC_1,Newspaper,Low,Street point,,
15,Obs_9,,2025,Đường Mai Chí Thọ,Street,District 2,,Thủ Thiêm,,Phường An Khánh,15,30,Moderate,High tide,Traffic distruption ,SRC_1,Newspaper,Low,Street point,,
16,Obs_10,,2025,Đường Thich Quang Duc ,Street,Phú Nhuận,,Phường 5,,Phường Đức Nhuận,,,Unknown,High tide,Traffic distruption ,SRC_1,Newspaper,Medium,Street point,,
18,Obs_11,,2025,Đường Hồ Văn Cống,Street,,Bình Dương,Tương Bình Hiệp,,Chánh Hiệp,,,Unknown,High tide,Traffic distruption ,SRC_1,Newspaper ,Low,Street point,,
19,Obs_12,,2025,Đường Hẻm 646 Đ. 30 Tháng 4,Street,,Bà Rịa-Vũng Tàu,Rạch Dừa,,Rạch Dừa,,,Unknown,High tide,Unknown,SRC_1,Newspaper ,High,Street point,,
21,Obs_13,,2025,Đường 842 Bình Giã,Street,,Bà Rịa-Vũng Tàu,Rạch Dừa,,Rạch Dừa,,,Unknown,High tide,Unknown,SRC_1,Newspaper ,High,Street point,,
22,Obs_14,26/10/2016,2016,Hầm Thủ Thiên,Tunnel,District 2,,,,,,,Unknown,Rain,Traffic distruption ,SRC_2,Newspaper ,High,Exact point ,,
31,Obs_15,26/10/2016,2016,Sân bay,Airport,Tân Bình,,Phường Tân Sơn,,Phường Tân Sơn,,,Unknown,Rain,Infrastructure,SRC_2,Newspaper ,Low,Area_point,,
34,Obs_16,06/08/2020,2020,Đường Quốc Hương,Street,District 2,,Phường Thảo Điền,,Phường An Khánh,50,,Severe,Rain,Traffic distruption ,SRC_3,Newspaper ,Medium,Street point,,
36,Obs_17,06/08/2020,2020,Đường Nguyễn Hữu Cảnh,Street,Bình Thạnh,,Phường 22,,Phường Thạnh Mỹ Tây,,,Unknown,Rain,Traffic distruption ,SRC_3,Newspaper ,Low,Street point,,
39,Obs_18,06/08/2020,2020,Đường Ung Văn Khiêm,Street,Bình Thạnh,,Phường 25,,Phường Thạnh Mỹ Tây,,,Unknown,Rain,Traffic distruption ,SRC_3,Newspaper ,Low,Street point,,
41,Obs_19,06/08/2020,2020,Đường Tô Ngọc Vân,Street,Thủ Đức,,Linh Đông,,Phường Hiệp Bình,,,Unknown,Rain,Traffic distruption ,SRC_3,Newspaper ,Low,Street point,,
43,Obs_20,06/08/2020,2020,Đường Võ Văn Ngân,Street,Thủ Đức,,Linh Chiểu,,Thủ Đức,,,Unknown,Rain,Traffic distruption ,SRC_3,Newspaper ,Low,Street point,,
44,Obs_21,07/08/2020,2020,Phường Thảo Điền,Ward,District 2,,Thảo Điền,,Phường An Khánh,,,Unknown,High tide,Unknown,SRC_3,Newspaper ,Low,Ward point,,
45,Obs_22,23/10/2023,2023,Đường Số 17A,Street,Bình Tân,,Phường An Lạc A,,Phường An Lạc,20,40,Heavy,Rain,Traffic distruption ,SRC_4,Newspaper ,High,Street point,,
46,Obs_23,23/10/2023,2023,Đường Hồ Học Lãm,Street,Bình Tân,,Phường An Lạc,,Phường An Lạc,,,Unknown,Rain,Residential,SRC_4,Newspaper ,Low,Street point,,
47,Obs_24,23/10/2023,2023,Kinh Dương Vương,Street,Bình Tân,,Phường 13,,Phường Phú Lâm,,,Unknown,Rain,Residential,SRC_4,Newspaper ,Low,Street point,,
48,Obs_25,23/10/2023,2023,Đường Lê Cơ,Street,Bình Tân,,Phường An Lạc,,Phường An Lạc,,,Unknown,Rain,Residential,SRC_4,Newspaper ,Medium,Street point,,
49,Obs_26,23/10/2023,2023,"Quốc lộ 1, đoạn qua Công ty TNHH PouYuen Việt Nam",National Highway,Bình Tân,,,,Phường An Lạc,,,Unknown,Rain,Traffic distruption ,SRC_4,Newspaper ,High,Street point,,
51,Obs_27,23/10/2023,2023,Đường Sinco,Street,Bình Tân,,Đường Sinco,,Phường An Lạc,,,Unknown,Rain,Residential,SRC_4,Newspaper ,High,Street point,,
52,Obs_28,23/10/2023,2023,Ngã tư An Sương,Intersection,District 12,,Tân Thới Nhất,,Đông Hưng Thuận,,,Unknown,Rain,Traffic distruption ,SRC_4,Newspaper ,High,Exact_point,,
53,Obs_29,23/10/2023,2023,Đường Phạm Đức Sơn,Street,District 8,,Phường 16,,Phường Phú Định,,,Unknown,Rain,Traffic distruption ,SRC_4,Newspaper ,High,Street point,,
54,Obs_30,23/10/2023,2023,Đường Nguyễn Văn Khối,Street,Gò Vấp,,Phường 8,,Thông Tây Hội,,,Unknown,Rain,Traffic distruption ,SRC_4,Newspaper ,Low,Street point,,
55,Obs_31,23/10/2023,2023,Đường Lê Văn Thọ,Street,Gò Vấp,,Phường 8,,Thông Tây Hội,,,Unknown,Rain,Traffic distruption ,SRC_4,Newspaper ,Low,Street point,,
56,Obs_32,25/10/2025,2025,Đường Thanh Đa,Street,Bình Thạnh,,Phường 27,,Phường Bình Quới,,,Unknown,High tide,Unknown,SRC_5,Newspaper ,Medium,Street point,,
57,Obs_33,,2025,Phường Long Nguyên,Ward,,Bình Dương,An Điền,,Long Nguyên,,,Unknown,Combined,Residential,SRC_5,Newspaper ,Low,Ward point,,
58,Obs_34,16/10/2012,2012,Đường Lương Định Của,Street,District 2,,An Khánh,,Phường An Khánh,40,50,Heavy,High tide,Residential,SRC_6,Newspaper ,Medium,Street point,1,
59,Obs_35,16/10/2012,2012,Đường Ngô Tất Tố,Street,Bình Thạnh,,Phường 22,,Phường Thanh My Tay,,,Unknown,High tide,Residential,SRC_6,Newspaper ,High,Street point,,"Same flood event, but observed on different sides of the canal"
60,Obs_36,16/10/2012,2012,Đường Ngô Tất Tố,Street,Bình Thạnh,,Phường 19,,Phường Thạnh Mỹ Tây,,,Unknown,High tide,Residential,SRC_6,Newspaper ,High,Street point,,"Same flood event, but observed on different sides of the canal"
61,Obs_37,16/10/2012,2012,Đường Ung Văn Khiêm,Street,Bình Thạnh,,Phường 25,,Phường Thạnh Mỹ Tây,,,Unknown,High tide,Residential,SRC_6,Newspaper ,Medium,Street point,,
62,Obs_38,16/10/2012,2012,Huỳnh Tấn Phát ,Residential area ,Nhà Bè,,,,Xã Nhà Bè,30,50,Heavy,High tide,Residential,SRC_6,Newspaper ,Low,Area_point,,
63,Obs_39,16/10/2012,2012,Phường Hiệp Bình,Residential area ,Thủ Đức,,,,Phường Hiệp Bình,30,50,Heavy,Combined,Residential ,SRC_6,Newspaper,Low,Area_point,,
65,Obs_40,16/10/2012,2012,Hồ Ngọc Lãm,Residential area ,Bình Tân,,Phường An Lạc,,Phường An Lạc,30,50,Heavy,Combined,Residential,SRC_6,Newspaper ,Low,Area point,,
66,Obs_41,16/10/2012,2012,Đại lộ Võ Văn Kiệt,Residential area ,Bình Tân,,Phường An Lạc,,Phường An Lạc,30,50,Heavy,Combined,Residential,SRC_6,Newspaper ,Medium,Area point,,
67,Obs_42,16/10/2012,2012,Kha Vạn Cân,Residential area ,Thủ Đức,,Hiệp Bình Chánh,,Phường Hiệp Bình,30,50,Heavy,Combined,Residential,SRC_6,Newspaper ,Low,Area point,,
68,Obs_43,16/10/2012,2012,Lê Văn Lương,Residential area ,Nhà Bè,,,,Xã Nhà Bè,30,50,Heavy,Combined,Residential,SRC_6,Newspaper ,Low,Area point,,
69,Obs_44,16/10/2012,2012,Phường 12,Residential area ,District 8,,Phường 12,,Phường Phú Định,,,Unknown,Combined,Traffic distruption ,SRC_6,Newspaper ,Medium,Area point,,
72,Obs_45,16/10/2012,2012,Phường 13,Residential area ,District 8,,Phường 13,,Phường Phú Định,,,Unknown,Combined,Traffic distruption ,SRC_6,Newspaper ,Medium,Area point,,
73,Obs_46,16/10/2012,2012,Tùng Thiện Vương,Residential area ,District 8,,Phường 11,,Phường Phú Định,,,Unknown,Combined,Traffic distruption ,SRC_6,Newspaper ,Low,Area point,,
76,Obs_47,16/10/2012,2012,Hưng Phú Street,Residential area ,District 8,,Phường Hưng Phú,,Phường Chánh Hưng,,,Unknown,Combined,Traffic distruption ,SRC_6,Newspaper ,Low,Area point,,
77,Obs_48,16/10/2012,2012,Tạ Quang Bửu,Residential area ,District 8,,Phường 5,,Phường Chánh Hưng,,,Unknown,Combined,Traffic distruption ,SRC_6,Newspaper ,Low,Area point,,
78,Obs_49,16/10/2012,2012,Phạm Thế Hiển,Residential area ,District 8,,Phường 5,,Phường Chánh Hưng,,,Unknown,Combined,Traffic distruption ,SRC_6,Newspaper ,Low,Area point,,
81,Obs_50,26/09/2016,2016,Pasteur-Hàm Nghị,Intersection,District 1,,Bến Nghé,,Phường Sài Gòn,,50,Heavy,Rain,Traffic distruption ,SRC_7,Newspaper ,High,Exact point,,
83,Obs_51,26/09/2016,2016,Đường Nguyễn Hữu Cảnh,Street,Bình Thạnh,,Phường 22,,Phường Thạnh Mỹ Tây,,50,Heavy,Rain,Traffic distruption ,SRC_7,Newspaper ,Low,Street point,,
84,Obs_52,26/09/2016,2016,Đường Nguyễn Duy Trinh,Street,District 2,,Bình Trưng Tây,,Phường Bình Trưng,,50,Heavy,Rain,Traffic distruption ,SRC_7,Newspaper ,Low,Street point,,
85,Obs_53,26/09/2016,2016,Đường Nam Kỳ Khởi Nghĩa,Street,District 1,,Bến Nghé,,Phường Sài Gòn,,,Unknown,Rain,Unknown,SRC_7,Newspaper ,Low,Street point,,
86,Obs_54,26/09/2016,2016,Đường Trần Hưng Đạo,Street,District 1,,Cô Giang,,Phường Cầu Ông Lãnh,,,Unknown,Rain,Traffic distruption ,SRC_7,Newspaper ,Low,Street point,,
87,Obs_55,26/09/2016,2016,Đường Phan Đình Giót,Street,Tân Bình,,Phường 2,,Phường Tân Sơn,,,Unknown,Rain,Traffic distruption ,SRC_7,Newspaper ,Low,Street point,,
88,Obs_56,26/09/2016,2016,Đường Nguyễn Hồng Đào,Street,Tân Bình,,Phường 14,,Phường Tân Bình,,,Unknown,Rain,Traffic distruption ,SRC_7,Newspaper ,Low,Street point,,
89,Obs_57,26/09/2016,2016,Đường Lê Đức Thọ,Street,Gò Vấp,,Phường 16,,Phường An Hội Đông,,,Unknown,Rain,Traffic distruption ,SRC_7,Newspaper,Low,Street point ,,
90,Obs_58,26/09/2016,2016,Đường Quang Trung,Street,Gò Vấp,,Phường 10,,Phường Gò Vấp,,,Unknown,Rain,Traffic distruption ,SRC_7,Newspaper,Low,Street point ,,
93,Obs_59,26/09/2016,2016,Đường Phạm Hùng,Street,District 8,,Phường 5,,Phường Chánh Hưng,,,Unknown,Rain,Traffic distruption ,SRC_7,Newspaper,Low,Street point ,,
94,Obs_60,26/09/2016,2016,Đường Huỳnh Tấn Phát,Street,District 7,,Tân Phú,,Phường Tân Mỹ,,,Unknown,Rain,Traffic distruption ,SRC_7,Newspaper,Low,Street point ,,
95,Obs_61,26/09/2016,2016,Đường Trường Sơn,Street,Tân Bình,,Phường 2,,Phường Tân Sơn Hòa,,,Unknown,Rain,Traffic distruption ,SRC_7,Newspaper,Medium,Street point ,,
96,Obs_62,21/06/2022,2022,Đường Bùi Viện,Street,District 1,,Phạm Ngũ Lão,,Phường Bến Thành,,,Unknown,Rain,Unknown,SRC_8,Newspaper,Medium,Street point ,,
97,Obs_63,21/06/2022,2022,Đường Cống Quỳnh,Street,District 1,,Nguyễn Cư Trinh,,Phường Cầu Ông Lãnh,,,Unknown,Rain,Unknown,SRC_8,Newspaper,High,Street point ,,
98,Obs_64,21/06/2022,2022,Đường Lê Lai,Street,District 1,,Phường Bến Thành,,Phường Bến Thành,,,Unknown,Rain,Unknown,SRC_8,Newspaper,Medium,Street point ,,
99,Obs_65,21/06/2022,2022,Đường Lê Lợi,Street,District 1,,Phường Bến Thành,,Phường Bến Thành,,,Unknown,Rain,Unknown,SRC_8,Newspaper,Medium,Street point ,,
100,Obs_66,21/06/2022,2022,Đường Tô Ngọc Vân,Street,Thủ Đức,,Linh Đông,,Phường Hiệp Bình,,,Unknown,Rain,Unknown,SRC_8,Newspaper,Low,Street point ,,
103,Obs_67,21/06/2022,2022,Đường Phan Đình Phùng,Street,District 2,,Phường Thảo Điền,,Phường An Khánh,,,Unknown,Rain,Unknown,SRC_8,Newspaper,Low,Street point ,,
106,Obs_68,06/05/2023,2023,Đường Tô Ngọc Vân,Street,Thủ Đức,,Phường  Linh Đông,,Phường Hiệp Bình,,,Unknown,Rain,Residential,SRC_9,Newspaper,Low,Street point ,,
107,Obs_69,,2025,Đường Lê Văn Lương,Street,Nhà Bè,,,Nhơn Đức,Xã Hiệp Phước,,,Unknown,High tide,Flooded streets,SRC_10,Newspaper,Low,Street point ,,
108,Obs_70,,2025,Đường Trần Xuân Soạn,Street,District 7,,Tân Kiểng,,Phường Tân Hưng,,,Unknown,High tide,Flooded streets,SRC_10,Newspaper,Low,Street point ,,
109,Obs_71,,2025,Đường Nguyễn Văn Tạo,Street,Nhà Bè,,,Hiệp Phước,Xã Hiệp,,,Unknown,High tide,Flooded streets,SRC_10,Newspaper,Low,Street point ,,
110,Obs_72,22/11/2025,2025,Đường Trần Xuân Soạn,Street,District 7,,Tân Kiểng,,Phường Tân Hưng,,,Unknown,Combined,Flooded streets,SRC_11,Newspaper,Low,Street point ,,
111,Obs_73,22/11/2025,2025,Đường Nguyễn Hữu Cảnh,Street,District 1,,Bến Nghé,,Phường Sài Gòn,,,Unknown,Combined,Flooded streets,SRC_11,Newspaper,Low,Street point ,,
113,Obs_74,22/11/2025,2025,Đường Huỳnh Tấn Phát,Street,District 7,,Phường Phú Mỹ,,Phường Tân Mỹ,,,Unknown,Combined,Flooded streets,SRC_11,Newspaper,Low,Street point ,,
114,Obs_75,22/11/2025,2025,Đường Lê Văn Lương,Street,Nhà Bè,,,Nhơn Đức,Xã Hiệp Phước,,,Unknown,Combined,Flooded streets,SRC_11,Newspaper,Low,Street point ,,
116,Obs_76,26/11/2011,2011,Đường Lương Định Của,Street,District 2,,Phường An Khánh,,Phường An Khánh,50,,Severe,High tide,Traffic distruption ,SRC_12,Newspaper,Low,Street point ,,
117,Obs_77,26/11/2011,2011,Đường Ngô Tất Tố,Street,Bình Thạnh,,Phường 22,,Phường Thanh My Tay,,,Unknown,High tide,Residential,SRC_12,Newspaper,High,Street point ,,
118,Obs_78,26/11/2011,2011,Đường Huỳnh Tấn Phá,Street,Nhà Bè,,,,Xã Nhà Bè,,,Unknown,High tide,Traffic distruption ,SRC_12,Newspaper,Low,Street point ,,
119,Obs_79,26/11/2011,2011,Đường Nguyễn Thị Thập,Street,District 7,,Phường Tân Quy,,Phường Tân Hưng,,,Unknown,High tide,Residential,SRC_12,Newspaper,Low,Street point ,,
121,Obs_80,26/11/2011,2011,Đường Lê Văn Lương,Street,Nhà Bè,,,Nhơn Đức,Xã Hiệp Phước,,,Unknown,High tide,Residential,SRC_12,Newspaper,Low,Street point ,,
122,Obs_81,26/11/2011,2011,Đường Bùi Hữu Nghĩa,Street,Bình Thạnh,,Phường 2,,Phường Gia Định,30,50,Heavy,High tide,Residential,SRC_12,Newspaper,Medium,Street point ,,
123,Obs_82,26/11/2011,2011,Đường Phú Mỹ,Street,Bình Thạnh,,Phường 22,,Phường Thạnh Mỹ Tây,30,50,Heavy,High tide,Residential,SRC_12,Newspaper,Medium,Street point ,,
124,Obs_83,26/11/2011,2011,Đường Bến Bình Đông,Street,District 8,,Phường Xóm Củi,,Phường Phú Định,30,50,Heavy,High tide,Residential,SRC_12,Newspaper,Low,Street point ,,
125,Obs_84,26/11/2011,2011,Đường Phạm Thế Hiển,Street,District 8,,Phường 5,,Phường Chánh Hưng,30,50,Heavy,High tide,Residential,SRC_12,Newspaper,Low,Street point ,,
126,Obs_85,26/11/2011,2011,Đường Phan Đình Phùn,Street,Phú Nhuận,,Phường 2,,Phường Cầu Kiệu,30,50,Heavy,High tide,Residential,SRC_12,Newspaper,Medium,Street point ,,
128,Obs_86,17/10/2012,2012,Trường Mầm non Vành Khuyên,School,Nhà Bè,,,Phước Lộc,Xã Nhà Bè,,,Unknown,High tide,Flooded streets,SRC_13,Newspaper,High,Exact point,,The high tide is due to the resonant impact of the flood discharge of Dau Tieng Lake
130,Obs_87,17/10/2012,2012,Đường Bến Phú Định,Street,District 8,,Phường 16,,Phường Phú Định,70,,Severe,High tide,Flooded streets,SRC_13,Newspaper,Low,Street point ,,The high tide is due to the resonant impact of the flood discharge of Dau Tieng Lake
132,Obs_88,17/10/2012,2012,Đường Bến Bình Đông,Street,District 8,,Phường Xóm Củi,,Phường Phú Định,,,Unknown,High tide,Flooded streets,SRC_13,Newspaper,Low,Street point ,,The high tide is due to the resonant impact of the flood discharge of Dau Tieng Lake
133,Obs_89,17/10/2012,2012,Đường Dương Tử Giang,Street,District 5,,Phường 14,,Phường Chợ Lớn,,,Unknown,High tide,Flooded streets,SRC_13,Newspaper,Medium,Street point ,,The high tide is due to the resonant impact of the flood discharge of Dau Tieng Lake
134,Obs_90,17/10/2012,2012,Đường Lương Định Của,Street,District 2,,Phường Thủ Thiêm,,Phường An Khánh,,,Unknown,High tide,Flooded streets,SRC_13,Newspaper,Low,Street point ,,The high tide is due to the resonant impact of the flood discharge of Dau Tieng Lake
135,Obs_91,17/10/2012,2012,Đường Kha Vạn Cân,Street,Thủ Đức,,Phường Linh Đông,,Phường Thủ Đức,,,Unknown,High tide,Flooded streets,SRC_13,Newspaper,Medium,Street point ,,The high tide is due to the resonant impact of the flood discharge of Dau Tieng Lake
136,Obs_92,17/10/2012,2012,Đường Huỳnh Tấn Phát,Street,District 7,,Nhà Bè,,Xã Nhà Bè,,,Unknown,High tide,Flooded streets,SRC_13,Newspaper,Low,Street point ,,The high tide is due to the resonant impact of the flood discharge of Dau Tieng Lake
139,Obs_93,17/10/2012,2012,Quốc lộ 1,National Highway,Bình Tân,,Bình Hưng Hòa A,,Phường Bình Hưng Hòa,,,Unknown,High tide,Traffic distruption ,SRC_13,Newspaper,Low,Street point ,,"The section of Tan Tao Ward, Binh Tan District extending to Binh Chanh district"
140,Obs_94,17/10/2012,2012,Đường Dương Đình Cúc,Street,Bình Chánh,,,Xã Tân Kiên,Xã Tân Nhựt,,,Unknown,High tide,Flooded streets,SRC_13,Newspaper,Low,Street point ,,The high tide is due to the resonant impact of the flood discharge of Dau Tieng Lake
143,Obs_95,17/10/2012,2012,Khu vực bến Bình Đông ,Residential area ,District 8,,Phường Xóm Củi,,Phường Phú Định,,,Unknown,High tide,Flooded streets,SRC_13,Newspaper,Low,Area point,,
144,Obs_96,17/10/2012,2012,Chợ Thủ Dầu Một,Residential area ,,Bình Dương,Phường Phú Cường,,Phường Thủ Dầu Một,,,Unknown,High tide,Flooded streets,SRC_13,Newspaper,High,Area point,,
145,Obs_97,17/10/2012,2012,Lái Thiêu,Ward,,Bình Dương,Phường Lái Thiêu,,Phường Lái Thiêu,,,Unknown,High tide,Flooded streets,SRC_13,Newspaper,Low,Area point,,
146,Obs_98,27/10/2011,2011,Đường Xô Viết Nghệ,Street,Bình Thạnh,,Phường 25,,Phường Thạnh Mỹ Tây,20,50,Heavy,High tide,Traffic distruption ,SRC_14,Newspaper,Low,Street point ,,
147,Obs_99,27/10/2011,2011,Đường Ngô Tất Tố,Street,Bình Thạnh,,Phường 19,,Phường Thạnh Mỹ Tây,20,50,Heavy,High tide,Traffic distruption ,SRC_14,Newspaper,Medium,Street point ,,
150,Obs_100,27/10/2011,2011,Đường Nguyễn Hữu Cảnh,Street,Bình Thạnh,,Phường 19,,Phường Thạnh Mỹ Tây,20,50,Heavy,High tide,Traffic distruption ,SRC_14,Newspaper,Low,Street point ,,
151,Obs_101,27/10/2011,2011,Đường Bùi Hữu Nghĩa,Street,Bình Thạnh,,Phường 1,,Phường Gia Định,20,50,Heavy,High tide,Traffic distruption ,SRC_14,Newspaper,Medium,Street point ,,
152,Obs_102,27/10/2011,2011,Đinh Tiên Hoàng,Street,District 1,,Phường Đa Kao,,Phường Tân Định,20,50,Heavy,High tide,Traffic distruption ,SRC_14,Newspaper,Low,Street point ,,
153,Obs_103,27/10/2011,2011,Đường Lương Định Của,Street,District 2,,Phường An Khánh,,Phường An Khánh,,40,Heavy,High tide,Traffic distruption ,SRC_14,Newspaper,Low,Street point ,,
154,Obs_104,27/10/2011,2011,Đường Quốc Hương,Street,District 2,,Phường Thảo Điền,, Phường An Khánh,,40,Heavy,High tide,Traffic distruption ,SRC_14,Newspaper,Medium,Street point ,,
155,Obs_105,27/10/2011,2011,Đường Phú Định,Street,District 8,,Phường 16,,Phường Phú Định,,50,Heavy,High tide,Traffic distruption ,SRC_14,Newspaper,Low,Street point ,,
156,Obs_106,27/10/2011,2011,Đường Lò Gốm,Street,District 6,,Phường 7,,Phường Bình Tiên,,50,Heavy,High tide,Traffic distruption ,SRC_14,Newspaper,Low,Street point ,,
159,Obs_107,27/10/2011,2011,Đường Hồ Học Lãm,Street,District 8,,Phường 16,,Phường Phú Định,,50,Heavy,High tide,Traffic distruption ,SRC_14,Newspaper,Low,Street point ,,
160,Obs_108,27/10/2011,2011,Đường Lý Phục Man,Street,District 7,,Phường Bình Thuận,,Phường Tân Thuận,50,,Severe,High tide,Traffic distruption ,SRC_14,Newspaper,Medium,Street point ,,
161,Obs_109,27/10/2011,2011,Đường Huỳnh Tấn Phát,Street,District 7,,Phường Phú Mỹ,,Phường Tân Mỹ,50,,Severe,High tide,Traffic distruption ,SRC_14,Newspaper,Low,Street point ,,
165,Obs_110,27/10/2011,2011,Đường Nguyễn Thị Thập,Street,District 7,,Phường Tân Hưng,,Phường Tân Hưng,50,,Severe,High tide,Traffic distruption ,SRC_14,Newspaper,Low,Street point ,,
166,Obs_111,27/10/2011,2011,Đường Trần Xuân Soạn,Street,District 7,,Phường Tân Kiểng,,Phường Tân Hưng,50,,Severe,High tide,Traffic distruption ,SRC_14,Newspaper,Low,Street point ,,
167,Obs_112,27/10/2011,2011,Đường Số 10,Street,District 7,,Phường Tân Phong,,Phường Tân Hưng,50,,Severe,High tide,Traffic distruption ,SRC_14,Newspaper,Low,Street point ,,
168,Obs_113,13/11/2008,2008,Đường Nguyễn Văn Luông,Street,District 6,,Phường 10,,Phường Bình Phú,,,Unknown,High tide,Flooded streets,SRC_15,Newspaper,Low,Street point ,,
169,Obs_114,13/11/2008,2008,Đường Bình Đông,Street,District 8,,Phường Xóm Củi,,Phường Phú Định,,,Unknown,High tide,Flooded streets,SRC_15,Newspaper,Low,Street point ,,
170,Obs_115,10/05/2019,2019,Đường Nguyễn Hữu Cảnh,Street,Bình Thạnh,,Phường 22,,Phường Thạnh Mỹ Tây,30,50,Heavy,Rain,Traffic distruption ,SRC_16,Newspaper,Low,Street point ,,
171,Obs_116,10/05/2019,2019,Quốc Hương & Tống Hữu Định,Intersection,District 2,,Phường Thảo Điền,,Phường An Khánh,30,50,Heavy,Rain,Traffic distruption ,SRC_16,Newspaper,Hugh,Exact point,,
172,Obs_117,10/05/2019,2019,Đường Lê Văn Miến,Street,District 2,,Phường Thảo Điền,,Phường An Khánh,30,50,Heavy,Rain,Traffic distruption ,SRC_16,Newspaper,Medium,Street point ,,
173,Obs_118,10/05/2019,2019,Đường số 46,Street,District 2,,Phường Bình Trưng Đông,,Phường Bình Trưng,30,50,Heavy,Rain,Flooded streets,SRC_16,Newspaper,Medium,Street point ,,
174,Obs_119,10/05/2019,2019,Đường số 48,Street,District 2,,Phường Bình Trưng Đông,,Phường Bình Trưng,30,50,Heavy,Rain,Flooded streets,SRC_16,Newspaper,Medium,Street point ,,
175,Obs_120,10/05/2019,2019,Đường số 41,Street,District 2,,Phường Bình Trưng Đông,,Phường Bình Trưng,30,50,Heavy,Rain,Flooded streets,SRC_16,Newspaper,Medium,Street point ,,
176,Obs_121,10/05/2019,2019,Đường Cây Trâm,Street,Gò Vấp,,Phường 8,,Phường Thông Tây Hội,30,50,Heavy,Rain,Flooded streets,SRC_16,Newspaper,Low,Street point ,,
177,Obs_122,10/05/2019,2019,Đường Phạm Văn Chiêu,Street,Gò Vấp,,Phường 14,,Phường An Hội Tây,30,50,Heavy,Rain,Flooded streets,SRC_16,Newspaper,Low,Street point ,,
178,Obs_123,10/05/2019,2019,Đường Nguyễn Bỉnh Khiêm,Street,District 1,,Phường Bến Nghé,,Phường Sài Gòn,,,Unknown,Rain,Flooded streets,SRC_16,Newspaper,Low,Street point ,,
179,Obs_124,30/09/2019,2019,Đường Mễ Cốc,Street,District 8,,Phường 15,,Phường Phú Định,,,Unknown,High tide,Traffic distruption ,SRC_17,Newspaper,Low,Street point ,,
180,Obs_125,30/09/2019,2019,Đường Trần Xuân Soạn,Street,District 7,,Phường Tân Thuận Tây,,Phường Tân Thuận,,,Unknown,High tide,Flooded streets,SRC_17,Newspaper,Low,Street point ,,
181,Obs_126,27/12/2024,2024,Đường Nguyễn Hữu Cảnh,Street,Bình Thạnh,,Phường 22,,Phường Thạnh Mỹ Tây,,,Unknown,Rain,Traffic distruption ,SRC_18,Newspaper,Low,Street point ,,
182,Obs_127,27/12/2024,2024,Đường Võ Văn Ngân,Street,Thủ Đức,,Phường Linh Chiểu,,Phường Thủ Đức,,,Unknown,Rain,Traffic distruption ,SRC_18,Newspaper,Low,Street point ,,
183,Obs_128,27/12/2024,2024,Đường Lê Văn Việt,Street,Thủ Đức,,Phường Tăng Nhơn Phú A,,Phường Tăng Nhơn Phú,,,Unknown,Rain,Traffic distruption ,SRC_18,Newspaper,Low,Street point ,,
184,Obs_129,27/12/2024,2024,Đường Dương Đình Hội,Street,Thủ Đức,,Phường Phước Long B,,Phường Phước Long,,,Unknown,Rain,Traffic distruption ,SRC_18,Newspaper,Low,Street point ,,
185,Obs_130,27/12/2024,2024,Đường Bạch Đằng,Street,Bình Thạnh,,Phường 15,,Phường Gia Định,,,Unknown,Rain,Traffic distruption ,SRC_18,Newspaper,Low,Street point ,,
188,Obs_131,15/12/2008,2008,Kênh Nhiêu Lộc - Thị Nghè,Canal,Bình Thạnh,,,,Phường Sài Gòn,,,Unknown,Rain,Unknown,SRC_19,Newspaper,Low,Area point,,
189,Obs_132,15/12/2008,2008,Kênh Hàng Bàng,Canal,District 6,,Phường 8,,Phường Bình Tiên,,,Unknown,Rain,Unknown,SRC_19,Newspaper,Hgh,Area point,,
190,Obs_133,15/12/2008,2008,Kênh Tàu Hủ,Canal,District 8,,,,,,,Unknown,Rain,Unknown,SRC_19,Newspaper,Low,Area point,,
191,Obs_134,15/12/2008,2008,Rạch Bến Nghé,Canal,District 4,,,,,,,Unknown,Rain,Unknown,SRC_19,Newspaper,Low,Area point,,
193,Obs_135,15/12/2008,2008,Kênh Đôi,Canal,District 8,,,,,,,Unknown,Rain,Unknown,SRC_19,Newspaper,Low,Area point,,
194,Obs_136,15/12/2008,2008,Kênh Tẻ,Canal,District 7,,,,,,,Unknown,Rain,Unknown,SRC_19,Newspaper,Low,Area point,,
195,Obs_137,15/12/2008,2008,Cây Gõ ,Intersection,District 11,,Phường 9,,Phường Bình Tây,,,Unknown,Rain,Unknown,SRC_19,Newspaper,Low,Area point,,
196,Obs_138,20/05/2018,2018,Đường Phan Huy Ích,Street,Tân Bình,,Phường 15,,Phường Tân Sơn,,,Unknown,Rain,Flooded streets,SRC_19,Newspaper,Low,Street point,,
197,Obs_139,,2002,Đường Bùi Đình Túy,Street,Bình Thạnh,,Phường 14,,Phường Bình Thạn,,,Unknown,High tide,Flooded streets,SRC_20,Newspaper,Low,Street point,,
198,Obs_140,,2002,Đường Xô Viết Nghệ Tĩnh,Street,Bình Thạnh,,Phường 17,,Phường Gia Định,,,Unknown,High tide,Flooded streets,SRC_20,Newspaper,Low,Street point,,
199,Obs_141,,2002,Phường 25,Ward,Bình Thạnh,,Phường 25,,Phường Thạnh Mỹ Tây,,,Unknown,High tide,Flooded streets,SRC_20,Newspaper,Low,Area point,,
202,Obs_142,,2002,Phường 26,Ward,Bình Thạnh,,Phường 26,,Phường Bình Quới,,,Unknown,High tide,Flooded streets,SRC_20,Newspaper,Low,Area point,,
204,Obs_143,08/10/2002,2002,Đường Đinh Bộ Lĩnh,Street,Bình Thạnh,,Phường 26,,Phường Bình Thạnh,,,Unknown,High tide,Flooded streets,SRC_20,Newspaper,Low,Street point,,
205,Obs_144,08/10/2002,2002,Đường Bùi Đình Túy,Street,Bình Thạnh,,Phường 12,,Phường Bình Thạnh,,,Unknown,High tide,Flooded streets,SRC_20,Newspaper,Medium,Street point,,
207,Obs_145,08/10/2002,2002,Đường Nguyễn Xí,Street,Bình Thạnh,,Phường 13,,Phường Bình Lợi Trung,,,Unknown,High tide,Flooded streets,SRC_20,Newspaper,Low,Street point,,
208,Obs_146,08/10/2002,2002,Đường Đinh Tiên Hoàng,Street,District 1,,Phường Đa Kao,,Phường Sài Gòn,,,Unknown,High tide,Flooded streets,SRC_20,Newspaper,Low,Street point,,
210,Obs_147,08/10/2002,2002,Cầu vượt Hàng Xanh,Intersection,Bình Thạnh,,Phường 19,,Phường Thạnh Mỹ Tây,,,Unknown,High tide,Traffic distruption ,SRC_20,Newspaper,High,Exact point,,
211,Obs_148,15/12/2008,2008,Cầu vượt Hàng Xanh,Intersection,Bình Thạnh,,Phường 19,,Phường Thạnh Mỹ Tây,,,Unknown,High tide,Traffic distruption ,SRC_20,Newspaper,High,Exact point,,
212,Obs_149,08/10/2002,2002,Đường Đinh Bộ Lĩnh,Street,Bình Thạnh,,Phường 26,,Phường Bình Thạnh,,,Unknown,High tide,Traffic distruption ,SRC_20,Newspaper,Low,Street point,,
213,Obs_150,08/10/2002,2002,Đường Bạch Đằng,Street,Bình Thạnh,,Phường 15,,Phường Gia Định,,,Unknown,High tide,Traffic distruption ,SRC_20,Newspaper,Low,Street point,,
214,Obs_151,08/10/2002,2002,Đường Xô Viết Nghệ Tĩnh,Street,Bình Thạnh,,Phường 25,,Phường Thạnh Mỹ Tây,,,Unknown,High tide,Traffic distruption ,SRC_20,Newspaper,Low,Street point,,
215,Obs_152,08/10/2002,2002,Cầu Bình Triệu,Bridge,Thủ Đức,,Phường Hiệp Bình Chánh,,Phường Hiệp Bình,,,Unknown,High tide,Traffic distruption ,SRC_20,Newspaper,Medium,Street point,,
217,Obs_153,08/10/2002,2002,Phường Hiệp Bình ,Ward,Thủ Đức,,Phường Hiệp Bình Chánh,,Phường Hiệp Bình,,,Unknown,High tide,Flooded streets,SRC_20,Newspaper,Low,Area point,,
218,Obs_154,08/10/2002,2002,Xã Bình Lợi,Commune,Bình Chánh,,,,Xã Bình Lợi,10,30,Moderate,High tide,Residential,SRC_20,Newspaper,Low,Area point,,
219,Obs_155,08/10/2002,2002,Xã Đa Phước,Commune,Bình Chánh,,,,Xã Hưng Long,10,30,Moderate,High tide,Residential,SRC_20,Newspaper,Low,Area point,,
220,Obs_156,08/10/2002,2002,Xã An Phú Tây,Commune,Bình Chánh,,,,Xã Bình Chánh,10,30,Moderate,High tide,Residential,SRC_20,Newspaper,Low,Area point,,
221,Obs_157,08/10/2002,2002,"Xã Tân Quý Tây, Huyện Bình Chánh, Thành Phố ",Commune,Bình Chánh,,,,Xã Bình Chánh,10,30,Moderate,High tide,Residential,SRC_20,Newspaper,Low,Area point,,
222,Obs_158,08/10/2002,2002,Xã Quy Đức,Commune,Bình Chánh,,,,Xã Hưng Long,10,30,Moderate,High tide,Residential,SRC_20,Newspaper,Low,Area point,,
223,Obs_159,08/10/2002,2002,Xã Tân Kiên,Commune,Bình Chánh,,,,Xã Tân Nhựt,10,30,Moderate,High tide,Residential,SRC_20,Newspaper,Low,Area point,,
224,Obs_160,08/10/2002,2002,Xã Tân Nhựt,Commune,Bình Chánh,,,,Xã Tân Nhựt,10,30,Moderate,High tide,Residential,SRC_20,Newspaper,Low,Area point,,
225,Obs_161,08/10/2002,2002,Xã Phong Phú,Commune,Bình Chánh,,,,Xã Bình Hưng,10,30,Moderate,High tide,Residential,SRC_20,Newspaper,Low,Area point,,
226,Obs_162,08/10/2002,2002,Rạch Bà Hồng,Dike,Hóc Môn,,,Xã Nhị Bình,Xã Đông Thạnh,,,Unknown,High tide,Residential,SRC_20,Newspaper,Low,Area point,,"Located in the Ba Hong canal tributary system, in the area bordering Dong Thanh commune"
227,Obs_163,08/10/2002,2002,Rạch Cây Điệp,Dike,Huyện Củ Chi,,,Xã Bình Mỹ,Xã Bình Mỹ,,20,Moderate,High tide,Residential,SRC_20,Newspaper,Low,Area point,,
228,Obs_164,08/10/2002,2002,Đường Lý Thường Kiệt,Street,District 5,,Phường 15,,Phường Phú Thọ,20,40,Heavy,High tide,Flooded streets,SRC_20,Newspaper,Low,Street point,,
229,Obs_165,08/10/2002,2002,Đường Nguyễn Huệ,Street,District 1,,Phường Bến Nghé,,Phường Sài Gòn,20,40,Heavy,High tide,Flooded streets,SRC_20,Newspaper,Low,Street point,,
230,Obs_166,08/10/2002,2002,Đường Nguyễn Đình Chiểu,Street,District 1,,Phường Đa Kao,,Phường Sài Gòn,20,40,Heavy,High tide,Flooded streets,SRC_20,Newspaper,Low,Street point,,
231,Obs_167,,2002,Đường Nguyễn Văn Tạo,Street,Nhà Bè,,Xã Hiệp Phước,,Xã Hiệp Phước,,,Unknown,Combined,Residential,SRC_21,Newspaper,Low,Street point,,Nearly 5 km of Nguyen Van Tao main road was deeply flooded and most of the red dirt roads connecting the hamlets were overflowed
234,Obs_168,,2002,Xã Tân Nhựt,Street,Bình Chánh,,Xã Tân Nhựt,,Xã Tân Nhựt,,,Unknown,Combined,Residential,SRC_21,Newspaper,Medium,Area point ,,"In Tan Nhut commune, the high tide flooded nearly 2 km."
236,Obs_169,,2002,Xã Nhị Bình,Street,District 12,,Xã Nhị Bình,,Xã Đông Thạnh,50,100,Severe,Combined,Residential,SRC_21,Newspaper,Low,Area point ,,
237,Obs_170,,2002,Đường Thạnh Lộc,Street,District 12,,Phường Thạnh Lộc,,hường An Phú Đông,,,Unknown,Combined,Residential,SRC_21,Newspaper,Low,Street point,,
238,Obs_171,,2002,Phường 17,Ward,Gò Vấp,,Phường 17,,Phường Gò Vấp,,,Unknown,Combined,Residential,SRC_21,Newspaper,Low,Area point ,,
240,Obs_172,,2002,Đường Nơ Trang Long,Street,Bình Thạnh,,Phường 12,,Phường Bình Thạnh,50,,Severe,Combined,Residential,SRC_21,Newspaper,Low,Street point,,
242,Obs_173,,2002,Đường Nguyễn Xí,Street,Bình Thạnh,,Phường 13,,Phường Bình Lợi Trung,50,,Severe,Combined,Residential,SRC_21,Newspaper,Low,Street point,,
243,Obs_174,,2002,Đường Ung Văn Khiêm,Street,Bình Thạnh,,Phường 25,,Phường Thạnh Mỹ Tây,50,,Severe,Combined,Residential,SRC_21,Newspaper,Low,Street point,,
244,Obs_175,,2002,Đường Bình Qưới,Street,Bình Thạnh,,Phường 28,,Phường Bình Quới,50,,Severe,Combined,Residential,SRC_21,Newspaper,Low,Street point,,
245,Obs_176,,2002,Đường Huỳnh Tấn Phát,Street,Nhà Bè,,Nhà Bè,,Xã Nhà Bè,,50,Heavy,Combined,Residential,SRC_21,Newspaper,Low,Street point,,
247,Obs_177,,2002,Đường Bến Mễ Cốc,Street,District 8,,Phường 15,,Phường Phú Định,80,100,Severe,High tide,Residential,SRC_21,Newspaper,Low,Street point,,
248,Obs_178,,2002,Đường Bình Đông,Street,District 8,,Phường 15,,Phường Phú Định,80,100,Severe,High tide,Residential,SRC_21,Newspaper,Low,Street point,,
249,Obs_179,,2002,Đường Nguyễn Duy,Street,District 8,,Phường Hưng Phú,,Phường Chánh Hưng,80,100,Severe,High tide,Residential,SRC_21,Newspaper,Low,Street point,,
250,Obs_180,,2002,Đường Rạch Cát,Street,District 8,,Phường 15,,Phường Phú Định,80,100,Severe,High tide,Residential,SRC_21,Newspaper,Low,Street point,,
252,Obs_181,,2002,Đường Nguyễn Nhược Thị,Street,District 8,,Phường 15,,Phường Phú Định,80,100,Severe,High tide,Residential,SRC_21,Newspaper,Low,Street point,,
253,Obs_182,,2002,Đường Võ Thị Sáu,Street,District 3,,Phường Võ Thị Sáu,,Phường Xuân Hòa,,50,Heavy,Rain,Traffic distruption ,SRC_21,Newspaper,Low,Street point,,
255,Obs_183,,2002,Cầu Chữ Y,Bridge,District 8,,Phường 8,,Phường Chánh Hưng,,50,Heavy,Rain,Traffic distruption ,SRC_21,Newspaper,High,Exact point,,
257,Obs_184,,2002,Phường 12,Bridge,District 8,,Phường 12,,Phường Phú Định,,50,Heavy,Rain,Traffic distruption ,SRC_21,Newspaper,High,Exact point,,
258,Obs_185,,2002,Đường Huỳnh Tấn Phát,Street,District 7,,Phường Tân Thuận Đông,,Phường Tân Thuận,,50,Heavy,Rain,Traffic distruption ,SRC_21,Newspaper,Medium,Street point,,
260,Obs_186,27/10/2007,2007,Rạch Văn Thánh,Residential area ,Bình Thạnh,,Phường 19,,Phường Thạnh Mỹ Tây,,,Unknown,High tide,Residential,SRC_22,Newspaper,Medium,Area point ,,
261,Obs_187,27/10/2007,2007,Chợ Thanh Đa,Market,Bình Thạnh,,Phường 27,,Phường Bình Quới,30,,Heavy,High tide,Residential,SRC_22,Newspaper,High,Area point ,,
262,Obs_188,27/10/2007,2007,Đường Ngô Tất Tố,Street,Bình Thạnh,,Phường 22,,Phường Thạnh Mỹ Tây,40,,Heavy,High tide,Traffic distruption ,SRC_22,Newspaper,High,Street point,,
264,Obs_189,27/10/2007,2007,Tổ 47 KP3,Street,District 12,,Phường An Phú Đông,,Phường An Phú Đông,,,Unknown,High tide,Residential,SRC_22,Newspaper,High,Street point,,"The water was too high to the waist, even the water flowed very strongly, pushing many pedestrians to fall."
265,Obs_190,27/10/2007,2007,Tổ 46 KP3,Street,District 12,,Phường An Phú Đông,,Phường An Phú Đông,,,Unknown,High tide,Residential,SRC_22,Newspaper,High,Street point,,"The water was too high to the waist, even the water flowed very strongly, pushing many pedestrians to fall."
267,Obs_191,19/11/2005,2005,Chợ Thanh Đa,Market,Bình Thạnh,,Phường 27,,Phường Bình Quới,20,40,Heavy,High tide,Residential,SRC_23,Newspaper,Low ,Area point ,,
268,Obs_192,19/11/2005,2005,Đường Võ Văn Ngân,Street,Thủ Đức,,Phường Trường Thọ,,Phường Thủ Đức,,,Unknown,High tide,Residential,SRC_23,Newspaper,Low ,Street point,,The water was flooded close to the saddle of a motorcycle
269,Obs_193,19/11/2005,2005,Đường Số 2,Street,District 2,,Phường Thảo Điền,,Phường An Khánh,,,Unknown,High tide,Flooded streets,SRC_23,Newspaper,High,Street point,,
270,Obs_194,06/11/2025,2025,Đường Phạm Hữu Lầu,Street,District 7,,Phường Phú Mỹ,,Phường Tân Mỹ,30,60,Severe,High tide,Traffic distruption ,SRC_24,Newspaper,High,Street point,,Near to Auto Quang Minh - Garage ô tô. The whole route of a few kilometers from Phuoc Long bridge to Huynh Tan Phat street was deeply submerged in water
271,Obs_195,06/11/2025,2025,Đường Trần Xuân Soạn,Street,District 7,,Phường Tân Hưng,,Phường Tân Hưng,30,60,Severe,High tide,Traffic distruption ,SRC_24,Newspaper,Low ,Street point,,
272,Obs_196,06/11/2025,2025,Đường Lương Định Của,Street,District 2,,Phường An Khánh,,Phường An Khánh,30,60,Severe,High tide,Traffic distruption ,SRC_24,Newspaper,Low ,Street point,,
273,Obs_197,06/11/2025,2025,Đường Quốc Hương,Street,District 2,,Phường Thảo Điền,,Phường An Khánh,30,60,Severe,High tide,Traffic distruption ,SRC_24,Newspaper,Low ,Street point,,
274,Obs_198,06/11/2025,2025,Đường Nguyễn Văn Hưởng,Street,District 2,,Phường Thảo Điền,,Phường An Khánh,30,60,Severe,High tide,Traffic distruption ,SRC_24,Newspaper,Low ,Street point,,
275,Obs_199,06/11/2025,2025,Đường Phạm Thế Hiển,Street,District 8,,Phường 7,,Phường Bình Đông,30,60,Severe,High tide,Traffic distruption ,SRC_24,Newspaper,Low ,Street point,,
276,Obs_200,06/11/2025,2025,Đường Bình Quới,Street,Bình Thạnh,,Phường 28,,Phường Bình Quới,,,Unknown,High tide,Flooded streets,SRC_24,Newspaper,Low ,Street point,,
277,Obs_201,06/11/2006,2006,Đường Bình Quới,Street,Bình Thạnh,,Phường 28,,Phường Bình Quới,30,45,Heavy,High tide,Residential,SRC_25,Newspaper,Medium,Street point,,
278,Obs_202,06/11/2006,2006,Phường Hiệp Bình Phước,Ward,Thủ Đức,,Phường Hiệp Bình Phước,,Phường Hiệp Bình,30,60,Severe,High tide,Residential,SRC_25,Newspaper,Low ,Area point,,
279,Obs_203,06/11/2006,2006,Phường Linh Đông ,Ward,Thủ Đức,,Phường Linh Đông,,Phường Hiệp Bình,30,60,Severe,High tide,Residential,SRC_25,Newspaper,Low ,Area point,,
280,Obs_204,06/11/2006,2006,Xã An Phú Tây,Commune,Bình Chánh,,Xã Bình Chánh,Xã An Phú Tây,Xã Bình Chánh,,,Unknown,High tide,Residential,SRC_25,Newspaper,Low ,Area point,,
281,Obs_205,27/11/2007,2007,Tiểu học Hiệp Bình Phước,School,Thủ Đức,,Phường Hiệp Bình Phước,,Phường Hiệp Bình,100,,Severe,High tide,Flooded streets,SRC_26,Newspaper,High,Area point,,
282,Obs_206,25/11/2007,2007,"Phường Hiệp Bình Phước, khu phố 6",Neighborhood,Thủ Đức,,Phường Hiệp Bình Chánh,,Phường Hiệp Bình,,300,Severe,High tide,Residential,SRC_26,Newspaper,Medium,Area point,,
283,Obs_207,25/11/2007,2007,"Phường Hiệp Bình Chánh, khu phố 5",Neighborhood,Thủ Đức,,Phường Hiệp Bình Chánh,,Phường Hiệp Bình,,300,Severe,High tide,Residential,SRC_26,Newspaper,Medium,Area point,,
285,Obs_208,25/11/2007,2007,"Phường Hiệp Bình Chánh, khu phố 3",Neighborhood,Thủ Đức,,Phường Hiệp Bình Chánh,,Phường Hiệp Bình,,300,Severe,High tide,Residential,SRC_26,Newspaper,Medium,Area point,,
286,Obs_209,25/11/2007,2007,"Phường Hiệp Bình Chánh, khu phố 4",Neighborhood,Thủ Đức,,Phường Hiệp Bình Chánh,,Phường Hiệp Bình,,300,Severe,High tide,Residential,SRC_26,Newspaper,Medium,Area point,,
289,Obs_210,26/11/2007,2007,Khu Villa An Phú Đông 12,Neighborhood,District 12,,Phường An Phú Đông,,Phường An Phú Đông,,70,Severe,High tide,Residential,SRC_26,Newspaper,High,Area point,,
291,Obs_211,26/11/2007,2007,UBND Phường 28 Quận Bình Thạnh,School,Bình Thạnh,,Phường 28,,Phường Bình Quới,,30,Moderate,High tide,Residential,SRC_26,Newspaper,High,Area point,,
293,Obs_212,26/11/2007,2007,"Khu B, Xã Bình Lợi",Commune,Bình Chánh,,, Xã Bình Lợi,Bình Chánh,,50,Heavy,High tide,Agriculture,SRC_26,Newspaper,Medium,Area point,,An area of over 120 hectares
294,Obs_213,26/11/2007,2007,Quốc lộ 13,National Highway,Thủ Đức,,Phường Hiệp Bình Chánh,,Phường Hiệp Bình,,,Unknown,High tide,Traffic distruption ,SRC_26,Newspaper,Medium,Street point,,Leading to Kha Van Can intersection
295,Obs_214,05/11/2006,2006,"Khu B, Xã Bình Lợi",Commune,Bình Chánh,,, Xã Bình Lợi,Bình Chánh,20,30,Heavy,High tide,Agriculture,SRC_27,Newspaper,Medium,Area point,,
296,Obs_215,05/11/2006,2006,Xã Đa Phước,Commune,Bình Chánh,,,Xã Đa Phước,Xã Hưng Long,,,Unknown,High tide,Unknown,SRC_27,Newspaper,Low ,Area point,,
298,Obs_216,05/11/2006,2006,Xã Tân Nhựt,Commune,Bình Chánh,,,Xã Tân Nhựt,Xã Tân Nhựt,,,Unknown,High tide,Unknown,SRC_27,Newspaper,Low ,Area point,,
299,Obs_217,05/11/2006,2006,Quốc Lộ 50,Commune,Bình Chánh,,,Xã Phong Phú,Xã Bình Hưng,,,Unknown,High tide,Traffic distruption ,SRC_27,Newspaper,Low ,Street point,,
301,Obs_218,05/11/2006,2006,Đường Thanh Niên Xung Phong,Street,Nhà Bè,,,Xã Hiệp Phước,Xã Hiệp Phước,,,Unknown,High tide,Traffic distruption ,SRC_27,Newspaper,Low ,Street point,,
302,Obs_219,05/11/2006,2006,Đường Mương Lớn,Street,Nhà Bè,,,Xã Hiệp Phước,Xã Hiệp Phước,,,Unknown,High tide,Flooded streets,SRC_27,Newspaper,Medium,Street point,,
303,Obs_220,05/11/2006,2006,Đường Gò Me,Street,Nhà Bè,,,Xã Hiệp Phước,Xã Hiệp Phước,,,Unknown,High tide,Flooded streets,SRC_27,Newspaper,Low ,Street point,,
304,Obs_221,05/11/2006,2006,Rạch Mường Đình,Canal,Nhà Bè,,,Xã Hiệp Phước,Xã Hiệp Phước,,,Unknown,High tide,Flooded streets,SRC_27,Newspaper,Medium,Street point,,
305,Obs_222,05/11/2006,2006,Đường Liên Ấp 3-4,Street,Nhà Bè,,,Xã Hiệp Phước,Xã Hiệp Phước,,,Unknown,High tide,Flooded streets,SRC_27,Newspaper,Low ,Street point,,
306,Obs_223,05/11/2006,2006,Rạch Lùng,Canal,Thủ Đức,,Phường Linh Đông,,Phường Hiệp Bình,40,50,Heavy,High tide,Residential,SRC_27,Newspaper,Low ,Street point,,
308,Obs_224,05/11/2006,2006,Đường Số 7,Street,Thủ Đức,,Phường Hiệp Bình Phước,,Phường Hiệp Bình,,,Unknown,High tide,Residential,SRC_28,Newspaper,High,Street point,,
309,Obs_225,,2007,"Khu phố 4, phường Bình Chiểu",Neighborhood,Thủ Đức,,Phường Bình Chiểu,,Phường Tam Bình,,,Unknown,High tide,Residential,SRC_28,Newspaper,Low ,Area point,,
311,Obs_226,,2012,Phường Thạnh Lộc,Ward,District 12,,Phường Thạnh Lộc,,Phường An Phú Đông,,,Unknown,Combined,Residential,SRC_29,Newspaper,Low ,Area point,,
312,Obs_227,,2012,Đường Phạm Văn Chí,Street,District 6,,Phường 7,,Phường Bình Tiên,,,Unknown,Combined,Flooded streets ,SRC_29,Newspaper,Low ,Street point,,
313,Obs_228,,2012,Đường Hồng Bàng,Street,District 11,,Phường 2,,Phường Bình Tây,,,Unknown,Combined,Flooded streets ,SRC_29,Newspaper,Low ,Street point,,
314,Obs_239,,2012,Đường Vũ Tùng,Street,Bình Thạnh,,Phường 2,,Phường Gia Định,,,Unknown,Combined,Flooded streets ,SRC_29,Newspaper,Low ,Street point,,
315,Obs_230,,2012,Đường Bùi Hữu Nghĩa,Street,Bình Thạnh,,Phường 1,,Phường Gia Định,,,Unknown,Combined,Flooded streets ,SRC_29,Newspaper,Low ,Street point,,
316,Obs_231,,2012,Đường Nguyễn Xuân Ôn,Street,Bình Thạnh,,Phường 2,,Phường Gia Định,,,Unknown,Combined,Flooded streets ,SRC_29,Newspaper,High,Street point,,
317,Obs_232,,2012,Đường Điện Biên Phủ,Street,Bình Thạnh,,Phường 25,,Phường Thạnh Mỹ Tây,,,Unknown,Combined,Flooded streets ,SRC_29,Newspaper,Low ,Street point,,
318,Obs_233,,2012,Đường Nam Kỳ Khởi Nghĩa,Street,District 3,,Phường Võ Thị Sáu,,Phường Xuân Hòa,,,Unknown,Combined,Flooded streets ,SRC_29,Newspaper,Low ,Street point,,
319,Obs_234,,2012,Đường Lương Định Của,Street,District 2,,Phường An Phú,,Phường Bình Trưng,,,Unknown,Combined,Flooded streets ,SRC_29,Newspaper,Low ,Street point,,
320,Obs_235,,2012,Đường Kha Vạn Cân,Street,Thủ Đức,,Phường Linh Đông,,Phường Thủ Đức,,,Unknown,Combined,Flooded streets ,SRC_29,Newspaper,Low ,Street point,,
323,Obs_236,16/10/2023,2023,Đường Trần Xuân Soạn,Street,District 7,,Phường Tân Kiểng,,Phường Tân Hưng,20,40,Heavy,High tide,Traffic distruption ,SRC_30,Newspaper,Low ,Street point,,
324,Obs_237,16/10/2023,2023,Đường Huỳnh Tấn Phát,Street,District 7,,Phường Phú Mỹ,,Phường Tân Mỹ,20,40,Heavy,High tide,Traffic distruption ,SRC_30,Newspaper,Low ,Street point,,
325,Obs_238,16/10/2023,2023,Đường Nguyễn Thị Thập,Street,District 7,,Phường Tân Phú,,Phường Tân Mỹ,20,40,Heavy,High tide,Traffic distruption ,SRC_30,Newspaper,Low ,Street point,,
326,Obs_239,16/10/2023,2023,Đường Nguyễn Ngọc Cung,Street,District 8,,Phường 16,,Phường Phú Định,20,40,Heavy,High tide,Traffic distruption ,SRC_30,Newspaper,Medium,Street point,,
327,Obs_240,16/10/2023,2023,Quốc Lộ 50,Street,Bình Chánh,,,Xã Phong Phú,Xã Bình Hưng,20,40,Heavy,High tide,Traffic distruption ,SRC_30,Newspaper,Low ,Street point,,
328,Obs_241,16/10/2023,2023,Đường Quốc Hương,Street,District 2,,Phường Thảo Điền,,Phường An Khánh,20,40,Heavy,High tide,Traffic distruption ,SRC_30,Newspaper,Low ,Street point,,
329,Obs_242,16/10/2023,2023,Đường Thảo Điền,Street,District 2,,Phường Thảo Điền,,Phường An Khánh,20,20,Heavy,High tide,Traffic distruption ,SRC_30,Newspaper,Low ,Street point,,
330,Obs_243,16/10/2023,2023,Phường An Thạnh,Residential area ,,Bình Dương,Phường An Thạnh,,Phường Thuận An,,,Unknown,High tide,Flooded streets ,SRC_30,Newspaper,Low ,Street point,,
331,Obs_244,28/09/2011,2011,Đường Số 7,Street,Thủ Đức,,Phường Hiệp Bình Phước,,Phường Hiệp Bình,100,,Severe,High tide,Residential,SRC_31,Newspaper,Medium,Street point,,
333,Obs_245,27/09/2016,2016,Đường Nguyễn Siêu,Street,District 1,,Phường Bến Nghé,,Phường Sài Gòn,,,Unknown,Rain,Flooded streets ,SRC_32,Newspaper,High,Street point,,
334,Obs_246,27/09/2016,2016,Đường Nơ Trang Long,Street,Bình Thạnh,,Phường 14,,Phường Gia Định,,100,Severe,Rain,Traffic distruption ,SRC_33,Newspaper,High,Street point,,Phan Dang Luu – Nguyen Huy Luong section
336,Obs_247,27/09/2016,2016,Đường Nơ Trang Long,Street,Bình Thạnh,,Phường 12,,Phường Bình Thạnh,,,Unknown,Rain,Flooded streets ,SRC_33,Newspaper,Medium,Street point,,Section from Phan Van Tri - Bang Ki bridge
337,Obs_248,27/09/2016,2016,Đường Bạch Đằng,Street,Bình Thạnh,,Phường 24,,Phường Bình Thạnh,,,Unknown,Rain,Flooded streets ,SRC_33,Newspaper,Medium,Street point,,"Phan Chu Trinh – So Viet Nghe Tinh section, Ward 24, Binh Thanh District"
338,Obs_249,27/09/2016,2016,Đường Đinh Bộ Lĩnh,Street,Bình Thạnh,,Phường 15,,Phường Gia Định,,,Unknown,Rain,Flooded streets ,SRC_33,Newspaper,High,Street point,,Bach Dang – Dien Bien Phu
339,Obs_250,27/09/2016,2016,Đường Cao Thắng,Street,District 10,,Phường 10,,Phường Vườn Lài,,,Unknown,Rain,Flooded streets ,SRC_33,Newspaper,Low ,Street point,,
340,Obs_251,27/09/2016,2016,Đường Lữ Gia,Street,District 11,,Phường 15,,Phường Phú Thọ,,,Unknown,Rain,Flooded streets ,SRC_33,Newspaper,Medium,Street point,,
341,Obs_252,27/09/2016,2016,Đường Hòa Hưng,Street,District 10,,Phường 13,,Phường Hòa Hưng,,,Unknown,Rain,Flooded streets ,SRC_33,Newspaper,Medium,Street point,,
342,Obs_253,25/11/2018,2018,Đường Nguyễn Hữu Cảnh,Street,Bình Thạnh,,Phường 22,,Phường Thạnh Mỹ Tây,,,Unknown,Rain,Flooded streets ,SRC_34,Newspaper,Low ,Street point,,
343,Obs_254,10/10/2023,2023,Đường Văn Cam,Street,Thủ Đức,,Phường Linh Tây,,Phường Linh Xuân,,,Unknown,Rain,Flooded streets ,SRC_35,Newspaper,Medium,Street point,,
344,Obs_255,10/10/2023,2023,Đường Hồ Văn Tư,Street,Thủ Đức,,Phường Trường Thọ,,Phường Thủ Đức,,,Unknown,Rain,Flooded streets ,SRC_35,Newspaper,High,Street point,,
345,Obs_256,10/10/2023,2023,Đường Đặng Thị Rành,Street,Thủ Đức,,Phường Linh Tây,,Phường Linh Xuân,,,Unknown,Rain,Flooded streets ,SRC_35,Newspaper,High,Street point,,
346,Obs_257,10/10/2023,2023,Đường Lê Đức Thọ,Street,Gò Vấp,,Phường 15,,Phường An Hội Đông,,,Unknown,Rain,Flooded streets ,SRC_35,Newspaper,Low ,Street point,,
347,Obs_258,10/10/2023,2023,Đường Nguyễn Văn Khối,Street,Gò Vấp,,Phường 8,,Phường Thông Tây Hội,,,Unknown,Rain,Flooded streets ,SRC_35,Newspaper,Low ,Street point,,
350,Obs_259,10/10/2023,2023,Đường Phạm Văn Chiêu,Street,Gò Vấp,,Phường 15,,Phường An Hội Đông,,,Unknown,Rain,Flooded streets ,SRC_35,Newspaper,Low ,Street point,,
351,Obs_260,10/10/2023,2023,Đường Thảo Điền,Street,District 2,,Phường Thảo Điền,,Phường An Khánh,,,Unknown,Rain,Flooded streets ,SRC_35,Newspaper,Low ,Street point,,
352,Obs_261,10/10/2023,2023,Đường Quốc Hương,Street,District 2,,Phường Thảo Điền,,Phường An Khánh,,,Unknown,Rain,Flooded streets ,SRC_35,Newspaper,Low ,Street point,,
353,Obs_262,10/10/2023,2023,Đường Lã Xuân Oai,Street,District 9,,Phường Long Trường,,Phường Long Trường,,,Unknown,Rain,Flooded streets ,SRC_35,Newspaper,Low ,Street point,,
355,Obs_263,10/05/2025,2025,Đường Đặng Thị Rành,Street,Thủ Đức,,Phường Linh Tây,,Phường Linh Xuân,,,Unknown,Rain,Flooded streets ,SRC_36,Newspaper,High,Street point,,
356,Obs_264,10/05/2025,2025,Đường Văn Cam,Street,Thủ Đức,,Phường Linh Tây,,Phường Linh Xuân,,,Unknown,Rain,Flooded streets ,SRC_36,Newspaper,Medium,Street point,,
357,Obs_265,10/05/2025,2025,Đường Hồ Văn Tư,Street,Thủ Đức,,Phường Trường Thọ,,Phường Thủ Đức,,,Unknown,Rain,Flooded streets ,SRC_36,Newspaper,High,Street point,,
358,Obs_266,02/05/2026,2026,Đường Trương Văn Ngư,Street,Thủ Đức,,Phường Linh Tây,,Phường Linh Xuân,50,,Severe,Rain,Flooded streets ,SRC_37,Newspaper,High,Street point,,
359,Obs_267,02/05/2026,2026,Đường Kha Vạn Cân,Street,Thủ Đức,,Phường Linh Tây,,Phường Linh Xuân,20,40,Heavy,Rain,Flooded streets ,SRC_37,Newspaper,High,Street point,,
360,Obs_268,02/05/2026,2026,Đường Đặng Thị Rành,Street,Thủ Đức,,Phường Linh Tây,,Phường Linh Xuân,,,Unknown,Rain,Flooded streets ,SRC_37,Newspaper,High,Street point,,
361,Obs_269,,2018,Đường Quốc Hương,Street,District 2,,Phường Thảo Điền,,Phường An Khánh,30,,Heavy,Rain,Flooded streets ,SRC_38,Technical report,Low ,Street point,3,
362,Obs_270,25/11/2018,2018,Đường Thảo Điền,Street,District 2,,Phường Thảo Điền,,Phường An Khánh,30,,Heavy,Rain,Flooded streets ,SRC_38,Technical report,Medium,Street point,3,
363,Obs_271,25/11/2018,2018,Đường Lương Định Của,Street,District 2,,Phường An Phú,,Phường An Khánh,15,30,Moderate,Combined,Flooded streets ,SRC_38,Technical report,Low ,Street point,3,
365,Obs_272,25/11/2018,2018,Đường Nguyễn Duy Trinh,Street,District 2,,Phường Bình Trưng Đông,,Phường Bình Trưng,30,,Heavy,Combined,Flooded streets ,SRC_38,Technical report,Low ,Street point,3,
366,Obs_273,25/11/2018,2018,Đường Nguyễn Thị Định,Street,District 2,,Phường An Phú,,Phường Bình Trưng,15,30,Moderate,Combined,Flooded streets ,SRC_38,Technical report,Low ,Street point,,
368,Obs_274,,2018,Đường Phạm Văn Đồng,Street,Bình Thạnh,,Phường 13,,Phường Bình Lợi Trung,15,30,Moderate,Rain,Flooded streets ,SRC_38,Technical report,Low ,Street point,,
369,Obs_275,,2018,Đường Kha Vạn Cân,Street,Thủ Đức,,Phường Linh Tây,,Phường Linh Xuân,15,30,Moderate,Rain,Flooded streets ,SRC_38,Technical report,Low ,Street point,,
370,Obs_276,,2018,Đường Đỗ Xuân Hợp,Street,District 9,,Phường Phước Long B,,Phường Phước Long,15,30,Moderate,Rain,Flooded streets ,SRC_38,Technical report,Low ,Street point,,
371,Obs_277,02/06/2018,2018,Đường Quốc Hương,Street,District 2,,Phường Thảo Điền,,Phường An Khánh,25,140,Severe,Rain,Flooded streets ,SRC_38,Technical report,Low ,Street point,3,
373,Obs_278,02/10/2018,2018,Đường Nguyễn Văn Hưởng,Street,District 2,,Phường Thảo Điền,,Phường An Khánh,10,25,Moderate,Rain,Flooded streets ,SRC_38,Technical report,Medium,Street point,3,
376,Obs_279,08/05/2018,2018,Đường Quốc Hương,Street,District 2,,Phường Thảo Điền,,Phường An Khánh,,20,Moderate,Rain,Flooded streets ,SRC_38,Technical report,High,Street point,3,In front of University of Culture
377,Obs_280,19/05/2018,2018,Đường Quốc Hương,Street,District 2,,Phường Thảo Điền,,Phường An Khánh,,15,Low,Rain,Flooded streets ,SRC_38,Technical report,High,Street point,1,In front of University of Culture
378,Obs_281,20/05/2018,2018,Đường Quốc Hương,Street,District 2,,Phường Thảo Điền,,Phường An Khánh,,22,Moderate,Rain,Flooded streets ,SRC_38,Technical report,High,Street point,3,In front of University of Culture
379,Obs_282,01/06/2018,2018,Đường Thảo Điền,Street,District 2,,Phường Thảo Điền,,Phường An Khánh,,15,Low,Rain,Flooded streets ,SRC_38,Technical report,Medium,Street point,,From Xuân Thủy Street to Song Hành Street
380,Obs_283,01/06/2018,2018,Đường Quốc Hương,Street,District 2,,Phường Thảo Điền,,Phường An Khánh,,20,Moderate,Rain,Flooded streets ,SRC_38,Technical report,High,Street point,,In front of University of Culture
381,Obs_284,03/09/2018,2018,Đường Quốc Hương,Street,District 2,,Phường Thảo Điền,,Phường An Khánh,,25,Moderate,Rain,Flooded streets ,SRC_38,Technical report,High,Street point,,In front of University of Culture
383,Obs_285,08/09/2018,2018,Đường Quốc Hương,Street,District 2,,Phường Thảo Điền,,Phường An Khánh,,20,Moderate,Rain,Flooded streets ,SRC_38,Technical report,High,Street point,1,In front of University of Culture
384,Obs_286,02/10/2018,2018,Đường Nguyễn Văn Hưởng,Street,District 2,,Phường Thảo Điền,,Phường An Khánh,,15,Low,Rain,Flooded streets ,SRC_38,Technical report,High,Street point,3,In front of Hoàng Anh Gia Lai apartment building
387,Obs_287,02/10/2018,2018,Đường Thảo Điền,Street,District 2,,Phường Thảo Điền,,Phường An Khánh,,10,Low,Rain,Flooded streets ,SRC_38,Technical report,Medium,Street point,3,From Đg 1 to Đg 4
389,Obs_288,02/10/2018,2018,Đường Quốc Hương,Street,District 2,,Phường Thảo Điền,,Phường An Khánh,,25,Moderate,Rain,Flooded streets ,SRC_38,Technical report,High,Street point,6,
390,Obs_289,07/10/2018,2018,Đường Nguyễn Văn Hưởng,Street,District 2,,Phường Thảo Điền,,Phường An Khánh,,20,Moderate,High tide,Flooded streets ,SRC_38,Technical report,High,Street point,,In front of Hoàng Anh Gia Lai apartment building
391,Obs_290,25/11/2018,2018,Đường Thảo Điền,Street,District 2,,Phường Thảo Điền,,Phường An Khánh,,10,Low,Combined,Flooded streets ,SRC_38,Technical report,High,Street point,,From Xuân Thủy Street to Hanoi Highway 
392,Obs_291,25/11/2018,2018,Đường Quốc Hương ,Street,District 2,,Phường Thảo Điền,,Phường An Khánh,,25,Moderate,Combined,Flooded streets ,SRC_38,Technical report,High,Street point,,"Street 47, House No. 127"
393,Obs_292,07/05/2019,2019,Đường Quốc Hương ,Street,District 2,,Phường Thảo Điền,,Phường An Khánh,,15,Low,Rain,Flooded streets ,SRC_38,Technical report,High,Street point,,In front of the University of Culture
394,Obs_293,14/09/2019,2019,Đường Nguyễn Duy Trinh,Street,District 2,,Phường Bình Trưng Tây,,Phường Bình Trưng,,20,Moderate,Rain,Flooded streets ,SRC_38,Technical report,Medium,Street point,,From Giồng Ông Tố Bridge to Thu Duc City Cultural House
396,Obs_294,15/09/2019,2019,Đường Nguyễn Duy Trinh,Street,District 2,,Phường Bình Trưng Tây,,Phường Bình Trưng,,20,Moderate,Rain,Flooded streets ,SRC_38,Technical report,Medium,Street point,,Chân cầu Giồng Ông Tố
397,Obs_295,30/09/2019,2019,Đường Nguyễn Văn Hưởng,Street,District 2,,Phường Thảo Điền,,Phường An Khánh,,35,Heavy,High tide,Flooded streets ,SRC_38,Technical report,High,Street point,,In front of HAGL apartment building
398,Obs_296,25/11/2019,2019,Đường Phạm Văn Đồng ,Street,District 2,,Phường Linh Tây,,Phường Linh Xuân,,25,Moderate,Rain,Flooded streets ,SRC_38,Technical report,High,Street point,,From Dương Văn Cam Street to Post office
399,Obs_297,25/11/2019,2019,Đường Đỗ Xuân Hợp,Street,District 2,,Phường Phước Long B,,Phường Phước Long,,20,Moderate,Rain,Flooded streets ,SRC_38,Technical report,High,Street point,,In front of the People’s Committee of Phước Bình Ward
400,Obs_298,08/10/2018,2019,Đường Nguyễn Văn Hưởng,Street,District 2,,Phường Thảo Điền,,Phường An Khánh,,20,Moderate,High tide,Flooded streets ,SRC_38,Technical report,High,Street point,,In front of Hoàng Anh Gia Lai apartment building
401,Obs_299,27/05/2020,2020,Đường Thảo Điền,Street,District 2,,Phường Thảo Điền,,Phường An Khánh,,20,Moderate,Rain,Flooded streets ,SRC_38,Technical report,High,Street point,,In front of Alley 95
402,Obs_300,27/05/2020,2020,Đường Quốc Hương ,Street,District 2,,Phường Thảo Điền,,Phường An Khánh,,20,Moderate,Rain,Flooded streets ,SRC_38,Technical report,High,Street point,,"Street 47, House No. 127"
403,Obs_301,07/08/2020,2020,Đường Nguyễn Văn Hưởng,Street,District 2,,Phường Thảo Điền,,Phường An Khánh,,25,Moderate,Rain,Flooded streets ,SRC_38,Technical report,High,Street point,,In front of Hoàng Anh Gia Lai apartment building
404,Obs_302,07/08/2020,2020,Đường Thảo Điền,Street,District 2,,Phường Thảo Điền,,Phường An Khánh,,20,Moderate,Rain,Flooded streets ,SRC_38,Technical report,High,Street point,,Entire street
405,Obs_303,27/05/2020,2020,Đường Nguyễn Duy Trinh,Street,District 2,,Phường Bình Trưng Tây,,Phường Bình Trưng,,20,Moderate,Rain,Flooded streets ,SRC_38,Technical report,High,Street point,,From Nguyễn Tuyển Street to Nguyễn Tư Nghiêm Street
406,Obs_304,15/05/2024,2024,Đường Nguyễn Văn Hưởng,Street,District 2,,Phường Thảo Điền,,Phường An Khánh,,,Unknown,Rain,Flooded streets ,SRC_39,Newspaper,Low,Street point,"0,3",30min 
407,Obs_305,15/05/2024,2024,Đường Nguyễn Duy Trinh,Street,District 2,,Phường Bình Trưng Tây,,Phường Bình Trưng,,,Unknown,Rain,Flooded streets ,SRC_39,Newspaper,Low,Street point,"0,3",30min 
409,Obs_306,15/05/2024,2024,Đường Lã Xuân Oai,Street,District 9,,Phường Tăng Nhơn Phú A,,Phường Tăng Nhơn Phú,,,Unknown,Rain,Flooded streets ,SRC_39,Newspaper,Low,Street point,"0,3",30min 
411,Obs_307,15/05/2024,2024,Đường Lê Văn Việt,Street,District 9,,Phường Hiệp Phú,,Phường Tăng Nhơn Phú,,,Unknown,Rain,Flooded streets ,SRC_39,Newspaper,Low,Street point,"0,3",30min 
412,Obs_308,15/05/2024,2024,Đường Dương Văn Cam,Street,Thủ Đức,,Phường Linh Tây,,Phường Linh Xuân,,,Unknown,Rain,Flooded streets ,SRC_39,Newspaper,Medium,Street point,"0,3",30min 
413,Obs_309,15/05/2024,2024,Đường Đặng Thị Rành,Street,Thủ Đức,,Phường Linh Tây,,Phường Linh Xuân,,,Unknown,Rain,Flooded streets ,SRC_39,Newspaper,High,Street point,"0,3",30min 
414,Obs_310,15/05/2024,2024,Đường Hiệp Bình,Street,Thủ Đức,,Phường Hiệp Bình Phước,,Phường Hiệp Bình,,,Unknown,Rain,Flooded streets ,SRC_39,Newspaper,Low,Street point,"0,3",30min 
415,Obs_311,15/05/2024,2024,Tỉnh Lộ 43,Provincial Road,Thủ Đức,,Phường Tam Bình,,Phường Tam Bình,,,Unknown,Rain,Flooded streets ,SRC_39,Newspaper,Low,Street point,"0,3",30min 
416,Obs_312,15/05/2024,2024,Đường Hồ Văn Tư,Street,Thủ Đức,,Phường Trường Thọ,,Phường Thủ Đức,,,Unknown,Rain,Flooded streets ,SRC_39,Newspaper,High,Street point,"0,3",30min 
417,Obs_313,15/05/2024,2024,Quốc Lộ 13,National Highway,Thủ Đức,,Phường Hiệp Bình Phước,,Phường Hiệp Bình,,,Unknown,Rain,Flooded streets ,SRC_39,Newspaper,Low,Street point,"0,3",30min 
418,Obs_314,15/05/2024,2024,Đường Kha Vạn Câm,Street,Thủ Đức,,Phường Linh Đông,,Phường Thủ Đức,,60,Severe,Rain,Flooded streets ,SRC_39,Newspaper,Low,Street point,"0,3",30min 
419,Obs_315,15/05/2024,2024,Đường Tô Ngọc Vân,Street,Thủ Đức,,Phường Linh Tây,,Phường Linh Xuân,,,Unknown,Rain,Flooded streets ,SRC_39,Newspaper,Low,Street point,"0,3",30min 
420,Obs_316,15/05/2024,2024,Đường Võ Văn Ngân,Street,Thủ Đức,,Phường Linh Chiểu,,Phường Thủ Đức,,,Unknown,Rain,Flooded streets ,SRC_39,Newspaper,Low,Street point,"0,3",30min 
422,Obs_317,27/09/2016,2016,Sân bay Tân Sơn Nhất,Parking,Tân Bình,,Phường 12,,Phường Bảy Hiền,,,Unknown,Rain,Flooded streets ,SRC_40,Newspaper,Medium,Area point,,
423,Obs_318,01/10/2019,2019,(ĐTCK) Khu biệt thự Thảo Điền,Residential area ,District 2,,Phường Thảo Điền,,Phường An Khánh,,,Unknown,High tide,Residential,SRC_41,Newspaper,Low,Area point,,
424,Obs_319,02/10/2019,2019,Biệt thự dân cư trên đường Nguyễn Văn Hương,Residential area ,District 2,,Phường Thảo Điền,,Phường An Khánh,,,Unknown,High tide,Residential,SRC_41,Newspaper,Low,Area point,,
425,Obs_320,29/09/2019,2019,Đường Nguyễn Hữu Cảnh,Residential area ,Bình Thạnh,,Phường 22,,Phường Thạnh Mỹ Tây,,,Unknown,High tide,Residential,SRC_41,Newspaper,Medium,Area point,,
426,Obs_321,,2019,Khu đô thị Thảo Thiểm,Residential area ,District 2,,Phường Thủ Thiêm,,Phường An Khánh,,120,Severe,High tide,Residential,SRC_41,Newspaper,Medium,Area point,,
427,Obs_322,,2019,Khu phố Him Lam,Residential area ,District 7,,Phường Tân Hưng,,Phường Tân Hưng,,,Unknown,High tide,Residential,SRC_41,Newspaper,Medium,Area point,,
428,Obs_323,,2019,Khu Dân Cư Trung Sơn,Residential area ,Bình Chánh,,,Xã Bình Hưng,Xã Bình Hưng,,,Unknown,High tide,Residential,SRC_41,Newspaper,Medium,Area point,,
429,Obs_324,,2019,Khu Hoàng Diệu,Residential area ,District 7,,,,Phường Khánh Hội,,,Unknown,High tide,Residential,SRC_41,Newspaper,Low,Area point,,
430,Obs_325,12/02/2019,2019,Đường Thảo Điền,Residential area ,District 2,,Phường Thảo Điền,,Phường An Khánh,,,Unknown,High tide,Flooded streets ,SRC_42,Newspaper,Medium,Area point,,Flooded with nearly half of the motorcycles
431,Obs_326,12/02/2019,2019,Đường Lê Văn Lương,Residential area ,District 7,,Phường Tân Quy,,Phường Tân Hưng,,,Unknown,High tide,Residential,SRC_42,Newspaper,Low,Area point,,
432,Obs_327,12/02/2019,2019,Ðường Gò Ô Môi,Residential area ,District 7,,Phường Phú Thuận,,Phường Phú Thuận,,,Unknown,High tide,Residential,SRC_42,Newspaper,Medium,Area point,,
433,Obs_328,09/04/2019,2019,Quốc Lộ 13,National Highway,Thủ Đức,,Phường Hiệp Bình Phước,,Phường Hiệp Bình,,,Unknown,Rain,Traffic distruption ,SRC_42,Newspaper,Medium,Street point,,
434,Obs_329,09/04/2019,2019,Cầu Ông Dầu,Residential area ,Thủ Đức,,Phường Hiệp Bình Phước,,Phường Hiệp Bình,,,Unknown,Rain,Flooded streets ,SRC_42,Newspaper,Low,Area point,,
435,Obs_330,09/04/2019,2019,Đường Võ Văn Ngân,Street,Thủ Đức,,Phường Linh Chiểu,,Phường Thủ Đức,,,Unknown,Rain,Flooded streets ,SRC_42,Newspaper,Low,Street point,,
436,Obs_331,09/04/2019,2019,Đường Tô Ngọc Vân,Street,Thủ Đức,,Phường Linh Đông,,Phường Hiệp Bình,,,Unknown,Rain,Flooded streets ,SRC_42,Newspaper,Low,Street point,,
437,Obs_332,09/04/2019,2019,Đường Kha Vạn Cân,Street,Thủ Đức,,Phường Linh Tây,,Phường Linh Xuân,,,Unknown,Rain,Flooded streets ,SRC_42,Newspaper,Low,Street point,,
438,Obs_333,09/04/2019,2019,Đường Song Hành QL2,Street,Thủ Đức,,Phường Tân Hưng Thuận,,Phường Đông Hưng Thuận,,50,Severe,Rain,Traffic distruption ,SRC_42,Newspaper,Low,Street point,,
439,Obs_334,09/04/2019,2019,Đường Nguyễn Ảnh Thủ,Street,Thủ Đức,,Phường Trung Mỹ Tây,,Phường Trung Mỹ Tây,,50,Severe,Rain,Traffic distruption ,SRC_42,Newspaper,Medium,Street point,,
440,Obs_335,09/04/2019,2019,Quốc Lộ 22,National Highway,Thủ Đức,,Phường Trung Mỹ Tây,,Phường Trung Mỹ Tây,,50,Severe,Rain,Traffic distruption ,SRC_42,Newspaper,Low,Street point,,
441,Obs_336,10/05/2019,2019,Đường Nguyễn Xí,Street,Bình Thạnh,,Phường 26,,Phường Bình Thạnh,,,Unknown,Rain,Flooded streets ,SRC_42,Newspaper,Medium,Street point,,
442,Obs_337,10/05/2019,2019,Đường Ung Văn Khiêm,Street,Bình Thạnh,,Phường 25,,Phường Thạnh Mỹ Tây,,,Unknown,Rain,Flooded streets ,SRC_42,Newspaper,Low,Street point,,
443,Obs_338,10/05/2019,2019,Đường Tân Hương,Street,Tân Phú,,Phường Tân Quý,,Phường Phú Thọ Hòa,,,Unknown,Rain,Flooded streets ,SRC_42,Newspaper,Low,Street point,,
445,Obs_339,10/05/2019,2019,Đường Nguyễn Hữu Cảnh,Street,Bình Thạnh,,Phường 22,,Phường Thạnh Mỹ Tây,,100,Severe,Rain,Traffic distruption ,SRC_42,Newspaper,Low,Street point,,
446,Obs_340,10/05/2019,2019,Đường Nguyễn Văn Thương,Street,Bình Thạnh,,Phường 25,,Phường Thạnh Mỹ Tây,,,Unknown,Rain,Flooded streets ,SRC_42,Newspaper,Medium,Street point,,
447,Obs_341,11/04/2019,2019,Đường Hồ Học lãm,Street,Bình Tân,,Phường An Lạc,,Phường An Lạc,,,Unknown,Rain,Flooded streets ,SRC_42,Newspaper,Low,Street point,,
449,Obs_342,11/05/2019,2019,Ấp 3 (Quốc Lộ 1),National Highway,Bình Chánh,,,Xã Tân Kiên,Xã Tân Nhựt,,,Unknown,Rain,Flooded streets ,SRC_42,Newspaper,Low,Street point,,
450,Obs_343,11/05/2019,2019,Xã Tân Kiên,Residential area ,Bình Chánh,,,Xã Tân Kiên,Xã Tân Nhựt,,,Unknown,Rain,Flooded streets ,SRC_42,Newspaper,Low,Area point,,
451,Obs_344,,2017,Đường Võ Văn Ngân,Street,Thủ Đức,,Phường Trường Thọ,,Phường Thủ Đức,,,Unknown,Rain,Flooded streets ,SRC_43,Newspaper,Low,Street point,,
454,Obs_345,,2017,Đường Tô Ngọc Vân,Street,Thủ Đức,,Phường Linh Đông,,Phường Hiệp Bình,,,Unknown,Rain,Flooded streets ,SRC_43,Newspaper,Low,Street point,,
456,Obs_346,,2017,Đường Lê Văn Việt,Street,Thủ Đức,,Phường Hiệp Phú,,Phường Tăng Nhơn Phú,,,Unknown,Rain,Flooded streets ,SRC_43,Newspaper,Low,Street point,,
457,Obs_347,,2017,Cầu Rạch Chiếc,Bridge,District 9,,Phường Phước Long A,,Phường Phước Long,,,Unknown,Rain,Flooded streets ,SRC_43,Newspaper,High,Street point,,
458,Obs_348,06/11/2025,2025,Đường Huỳnh Tấn Phát,Street,District 7,,Phường Phú Thuận,,Phường Phú Thuận,,,Unknown,High tide,Flooded streets ,SRC_44,Newspaper,Low,Street point,,
459,Obs_349,06/11/2025,2025,Đường Nguyễn Lương Bằng,Street,District 7,,Phường Tân Phú,,Phường Tân Mỹ,,,Unknown,High tide,Flooded streets ,SRC_44,Newspaper,Medium,Street point,,
461,Obs_350,06/11/2025,2025,Đường 15B,Street,District 7,,Phường Phú Mỹ,,Phường Phú Mỹ,,,Unknown,High tide,Flooded streets ,SRC_44,Newspaper,Medium,Street point,,
462,Obs_351,09/09/2015,2015,Đường An Dương Vương,Street,District 6,,Phường 14,,Phường Phú Lâm,,,Unknown,Rain,Traffic distruption ,SRC_45,Newspaper,Low,Street point,,
464,Obs_352,09/09/2015,2015,Đường Tô Hiệu,Street,Tân Phú,,Phường Tân Thới Hòa,,Phường Phú Thạnh,,,Unknown,Rain,Traffic distruption ,SRC_45,Newspaper,Low,Street point,,
465,Obs_353,09/09/2015,2015,Đường Tân Hòa Đông,Street,District 6,,Phường 14,,Phường Phú Lâm,,,Unknown,Rain,Traffic distruption ,SRC_45,Newspaper,Low,Street point,,
466,Obs_354,09/09/2015,2015,Đường Kinh Dương Vương,Street,Bình Tân,,Phường An Lạc,,Phường An Lạc,,,Unknown,Rain,Traffic distruption ,SRC_45,Newspaper,Low,Street point,,
467,Obs_355,13/11/2008,2008,Đường Xô Viết Nghệ Tĩnh,Street,Bình Tân,,Phường 25,,Phường Thạnh Mỹ Tây,,,Unknown,High tide,Flooded streets ,SRC_46,Newspaper,Medium,Street point,,
469,Obs_356,13/11/2008,2008,Đường Thảo Điền,Street,District 2,,Phường Thảo Điền,,Phường An Khánh,,,Unknown,High tide,Flooded streets ,SRC_46,Newspaper,Medium,Street point,,
470,Obs_357,13/11/2008,2008,Đường Xa Lộ Hà Nội,National Highway,District 2,,Phường Thảo Điền,,Phường An Khánh,,,Unknown,High tide,Flooded streets ,SRC_46,Newspaper,Medium,Street point,,
471,Obs_358,13/11/2008,2008,Đường Ung Văn Khiêm,Street,Bình Thạnh,,Phường 25,,Phường Thạnh Mỹ Tây,,,Unknown,High tide,Flooded streets ,SRC_46,Newspaper,Low,Street point,,
472,Obs_359,13/11/2008,2008,Mũi tàu Đài Liệt sĩ,Historical monument,Bình Thạnh,,Phường 26,,Phường Bình Thạnh,,,Unknown,High tide,Flooded streets ,SRC_46,Newspaper,High,Street point,,
473,Obs_360,13/11/2008,2008,Quốc Lộ 1,National Highway,Bình Chánh,,, Xã Tân Nhựt,Phường Bình Đông,,50,Severe,High tide,Traffic distruption ,SRC_46,Newspaper,Low,Street point,,
475,Obs_361,13/11/2008,2008,Đường Nguyễn Hữu Hào,Street,District 4,,Phường 8,,"Phường Khánh Hội,",30,50,Heavy,High tide,Traffic distruption ,SRC_46,Newspaper,Medium,Street point,,
476,Obs_362,13/11/2008,2008,Đường Tôn Thất Thuyết,Street,District 4,,Phường 3,,Phường Vĩnh Hội,30,50,Heavy,High tide,Traffic distruption ,SRC_46,Newspaper,Low,Street point,,
478,Obs_363,13/11/2008,2008,Đường Kinh Dương Vương,Street,Bình Tân,,Phường An Lạc,,Phường An Lạc,,,Unknown,High tide,Traffic distruption ,SRC_46,Newspaper,Low,Street point,,
479,Obs_364,13/11/2008,2008,Đường Phạm Thế Hiển,Street,District 8,,Phường 7,,Phường Bình Đông,,,Unknown,High tide,Traffic distruption ,SRC_46,Newspaper,Low,Street point,,
480,Obs_365,13/11/2008,2008,Đường Phú Mỹ,Street,Bình Thạnh,,Phường 22,,Phường Thạnh Mỹ Tây,,,Unknown,High tide,Flooded streets ,SRC_46,Newspaper,Medium,Street point,,
482,Obs_366,13/11/2008,2008,Đường Nguyễn Hữu Cảnh,Street,Bình Thạnh,,Phường 19,,Phường Thạnh Mỹ Tây,,,Unknown,High tide,Flooded streets ,SRC_46,Newspaper,Low,Street point,,
483,Obs_367,13/11/2008,2008,Đường Nguyễn Văn Luông,Street,District 6,,Phường 11,,Phường Bình Phú,,,Unknown,High tide,Flooded streets ,SRC_46,Newspaper,Low,Street point,,
484,Obs_368,13/11/2008,2008,Khu Phố 4,Street,Thủ Đức,,Phường Hiệp Bình Phước,,Phường Hiệp Bình,,,Unknown,High tide,Flooded streets ,SRC_46,Newspaper,Medium,Area point,,
485,Obs_369,16/06/2026,2026,Đường Quốc Hương,Street,District 2,,Phường Thảo Điền,,Phường An Khánh,,,Unknown,Rain,Flooded streets ,SRC_47,Newspaper,High,Street point,,
486,Obs_370,16/06/2026,2026,Đường Xuân Thủy,Street,District 2,,Phường Thảo Điền,,Phường An Khánh,,,Unknown,Rain,Flooded streets ,SRC_47,Newspaper,Medium,Street point,,
487,Obs_371,16/06/2026,2026,Đường Lê Văn Việt,Street,District 9,,Phường Hiệp Phú,,Phường Tăng Nhơn Phú,,,Unknown,Rain,Flooded streets ,SRC_47,Newspaper,Low,Street point,,
488,Obs_372,16/06/2026,2026,Đường R12,Street,District 2,,Phường Thủ Thiêm,,Phường An Khánh,,,Unknown,Rain,Flooded streets ,SRC_48,Newspaper,High,Street point,,
489,Obs_373,06/08/2025,2025,Đường Chu Văn An,Street,Bình Thạnh,,Phường 26,,Phường Bình Thạnh,,,Unknown,Rain,Flooded streets ,SRC_49,Newspaper,Low,Street point,,
490,Obs_374,06/08/2025,2025,Đường Dương Văn Cam,Street,Thủ Đức,,Phường Linh Tây,,Phường Linh Xuân,,,Unknown,Rain,Flooded streets ,SRC_49,Newspaper,Medium,Street point,,
491,Obs_375,11/09/2025,2025,Đường Phan Huy Ích,Street,Tân Bình,,Phường 15,,Phường Tân Sơn,,,Unknown,Rain,Flooded streets ,SRC_50,Newspaper,Medium,Street point,,
492,Obs_376,11/09/2025,2025,Đường Hồ Học Lãm,Street,Bình Tân,,Phường An Lạc,,Phường An Lạc,,,Unknown,Rain,Flooded streets ,SRC_50,Newspaper,Low,Street point,,
493,Obs_377,11/09/2025,2025,Đường SinCo,Street,Bình Tân,,Phường Bình Trị Đông B,,Phường An Lạc,,,Unknown,Rain,Flooded streets ,SRC_50,Newspaper,Medium,Street point,,
494,Obs_378,11/09/2025,2025,Đường Võ Văn Kiệt,Street,District 8,,Phường 16,,Phường Bình Phú,,,Unknown,Rain,Flooded streets ,SRC_50,Newspaper,Low,Street point,,
495,Obs_379,11/09/2025,2025,Đường Số 17A,Street,Bình Tân,,Phường Bình Trị Đông B,,Phường An Lạc,,,Unknown,Rain,Flooded streets ,SRC_50,Newspaper,High,Street point,,
496,Obs_380,11/09/2025,2025,Đường Mã Lò,Street,Bình Tân,,Phường Bình Trị Đông A,,Phường Bình Trị Đông,,,Unknown,Rain,Flooded streets ,SRC_50,Newspaper,Medium,Street point,,
497,Obs_381,02/10/2013,2013,Đường Nguyễn Văn Quá,Street,District 12,,Phường Đông Hưng Thuận,,Phường Đông Hưng Thuận,50,,Severe,Rain,Flooded streets ,SRC_51,Newspaper,Low,Street point,,"The section through Dong Hung Thuan Ward, District 12"
498,Obs_382,02/10/2013,2013,Đường Hòa Bình,Street,District 11,,Phường 3,,Phường Bình Thới,,100,Severe,Rain,Flooded streets ,SRC_51,Newspaper,High,Street point,,The section passing through Dam Sen Park (bordering District 11 and Tan Phu district)
499,Obs_383,02/10/2013,2013,Đường Đặng Nguyên Cẩn,Street,District 6,,Phường 14,,Phường Phú Lâm,,,Unknown,Rain,Flooded streets ,SRC_51,Newspaper,Medium ,Street point,,
500,Obs_384,02/10/2013,2013,Đường Tân Hóa,Street,District 11,,Phường 1,,Phường Minh Phụng,,,Unknown,Rain,Flooded streets ,SRC_51,Newspaper,Medium ,Street point,,
501,Obs_385,02/10/2013,2013,Đường Kinh Dương Vương,Street,District 6,,Phường 13,,Phường Phú Lâm,,,Unknown,Rain,Flooded streets ,SRC_51,Newspaper,Low,Street point,,
502,Obs_386,02/10/2013,2013,Đường An Dương Vương,Street,District 6,,Phường 10,,Phường Bình Phú,,,Unknown,Rain,Flooded streets ,SRC_51,Newspaper,Medium ,Street point,,(District 6)
503,Obs_387,02/10/2013,2013,Bàu Cát,Residential area,Tân Bình,,Phường 14,,Phường Tân Bình,,,Unknown,Rain,Flooded streets ,SRC_51,Newspaper,Medium ,Street point,,
504,Obs_388,02/10/2013,2013,Đường Âu Cơ,Street,Tân Bình,,Phường 14,,Phường Tân Bình,,,Unknown,Rain,Flooded streets ,SRC_51,Newspaper,Low,Street point,,
505,Obs_389,02/10/2013,2013,Đường Lạc Long Quân,Street,Tân Bình,,Phường 10,,Phường Bảy Hiền,,,Unknown,Rain,Flooded streets ,SRC_51,Newspaper,Low,Street point,,
506,Obs_390,02/10/2013,2013,Đường Cộng Hoà,Street,Tân Bình,,Phường 13,,Phường Tân Bình,,,Unknown,Rain,Flooded streets ,SRC_51,Newspaper,Low,Street point,,
507,Obs_391,02/10/2013,2013,Đường Đinh Bộ Lĩnh,Street,Bình Thạnh,, Phường 26,,Phường Bình Thạnh,,,Unknown,Rain,Flooded streets ,SRC_51,Newspaper,Low,Street point,,
508,Obs_392,15/05/2013,2013,Đường Tân Hóa,Street,District 11,,Phường 1,,Phường Minh Phụng,,,Unknown,Rain,Flooded streets ,SRC_52,Newspaper,Medium ,Street point,,
509,Obs_393,15/05/2013,2013,Đường Hòa Bình,Street,Tân Phú,,Phường Hiệp Tân,,Phường Phú Thạnh,,,Unknown,Rain,Flooded streets ,SRC_52,Newspaper,Low,Street point,,
510,Obs_394,15/05/2013,2013,Đường Khuông Việt,Street,Tân Phú,,Phường Phú Trung,,Phường Tân Phú,,,Unknown,Rain,Flooded streets ,SRC_52,Newspaper,Medium ,Street point,,
511,Obs_395,15/05/2013,2013,Đường Bàu Cát,Street,Tân Bình,,Phường 14,,Phường Tân Bình,,,Unknown,Rain,Flooded streets ,SRC_52,Newspaper,Medium ,Street point,,
512,Obs_396,15/05/2013,2013,Đường Đồng Đen,Street,Tân Bình,,Phường 12,,Phường Bảy Hiền,,,Unknown,Rain,Flooded streets ,SRC_52,Newspaper,Medium ,Street point,,
513,Obs_397,15/05/2013,2013,Đường Nguyễn Hữu Cảnh,Street,Bình Thạnh,,Phường 22,,Phường Thạnh Mỹ Tây,,,Unknown,Rain,Flooded streets ,SRC_52,Newspaper,Medium ,Street point,,
514,Obs_398,15/05/2013,2013,Đường Ung Văn Khiêm,Street,Bình Thạnh,,Phường 25,,Phường Thạnh Mỹ Tây,,,Unknown,Rain,Flooded streets ,SRC_52,Newspaper,Low,Street point,,
515,Obs_399,15/05/2013,2013,Đường Thanh Đa,Street,Bình Thạnh,,Phường 27,,Phường Bình Quới,,,Unknown,Rain,Flooded streets ,SRC_52,Newspaper,High,Street point,,
516,Obs_400,19/11/2010,2010,Đường Lê Lai,Street,District 1,,Phường Bến Thành,,Phường Bến Thành,,,Unknown,Rain,Flooded streets ,SRC_53,Newspaper,High,Street point,,
517,Obs_401,19/11/2010,2010,Đường Lê Lợi,Street,District 1,,Phường Bến Nghé,,Phường Sài Gòn,,,Unknown,Rain,Flooded streets ,SRC_53,Newspaper,High,Street point,,
518,Obs_402,19/11/2010,2010,Đường Nam Kỳ Khởi Nghĩa,Street,District 1,,Phường Bến Thành,,Đường Nam Kỳ Khởi Nghĩa,,,Unknown,Rain,Flooded streets ,SRC_53,Newspaper,Medium ,Street point,,
519,Obs_403,19/11/2010,2010,Đường Tôn Thất Thiệp,Street,District 1,,Phường Bến Nghé,,Phường Sài Gòn,,,Unknown,Rain,Flooded streets ,SRC_53,Newspaper,High,Street point,,
520,Obs_404,19/11/2010,2010,Đường Tôn Thất Đạm,Street,District 1,,Phường Nguyễn Thái Bình,,Phường Sài Gòn,,,Unknown,Rain,Flooded streets ,SRC_53,Newspaper,Medium ,Street point,,
521,Obs_405,19/11/2010,2010,Đường Lê Hồng Phong,Street,District 5,,Phường 4,,Phường Chợ Quán,30,40,Heavy,Rain,Flooded streets ,SRC_53,Newspaper,Medium ,Street point,,
522,Obs_406,19/11/2010,2010,Đường Châu Văn Liêm,Street,District 5,, Phường 14,,Phường Chợ Lớn,30,40,Heavy,Rain,Flooded streets ,SRC_53,Newspaper,Medium ,Street point,,
523,Obs_407,19/11/2010,2010,Đường Nguyễn Văn Cừ,Intersection,District 5,,Phường 2,,Phường Chợ Quán,30,40,Heavy,Rain,Flooded streets ,SRC_53,Newspaper,High,Exact point,,Intersection of Nguyen Van Cu-Nguyen Trai Street (District 5)
524,Obs_408,19/11/2010,2010,Đường Huỳnh Tấn Phát,Street,District 7,,Phường Phú Mỹ,,Phường Phú Thuận,,,Unknown,Rain,Flooded streets ,SRC_53,Newspaper,Low,Street point,,
525,Obs_409,19/11/2010,2010,Đường Hòa Bình,Street,Tân Phú,, Phường Hiệp Tân,,Phường Phú Thạnh,,,Unknown,Rain,Flooded streets ,SRC_53,Newspaper,Low,Street point,,
526,Obs_410,19/11/2010,2010,Hàng Xanh,Roundabout,Bình Thạnh,,Phường 17,,Phường Gia Định,,50,Severe,Rain,Flooded streets ,SRC_53,Newspaper,Low,Street point,,
527,Obs_411,19/11/2010,2010,Đường Kha Vạn Cân,Street,Thủ Đức,,Phường Linh Tây,,Phường Linh Xuân,30,40,Heavy,Combined,Flooded streets ,SRC_53,Newspaper,Low,Street point,,
529,Obs_412,19/11/2010,2010,Đường Xô Viết Nghệ Tĩnh,Street,Bình Thạnh,,Phường 17,,Phường Gia Định,30,40,Heavy,Combined,Flooded streets ,SRC_53,Newspaper,Low,Street point,,
531,Obs_413,19/11/2010,2010,Đường Ung Văn Khiêm,Street,Bình Thạnh,,Phường 25,,Phường Thạnh Mỹ Tây,30,40,Heavy,Combined,Flooded streets ,SRC_53,Newspaper,Low,Street point,,
532,Obs_414,19/11/2010,2010,Đường Nguyễn Hữu Cảnh,Street,Bình Thạnh,,Phường 22,,Phường Thạnh Mỹ Tây,30,40,Heavy,Combined,Flooded streets ,SRC_53,Newspaper,Low,Street point,,
533,Obs_415,19/11/2010,2010,Đường Ngô Tất Tố,Street,Bình Thạnh,,Phường 22,,Phường Thạnh Mỹ Tây,30,40,Heavy,Combined,Flooded streets ,SRC_53,Newspaper,Low,Street point,,
534,Obs_416,19/11/2010,2010,Đường Trần Khánh Dư,Street,District 1,,Phường Tân Định,,Phường Tân Định,30,40,Heavy,Combined,Flooded streets ,SRC_53,Newspaper,High,Street point,,
535,Obs_417,19/11/2010,2010,Cau Cầu Sài Gòn,Street,Bình Thạnh,,Phường 22,,Phường Thạnh Mỹ Tây,,50,Heavy,Rain,Flooded streets ,SRC_53,Newspaper,High,Street point,,
539,Obs_418,19/11/2010,2010,Đường An Dương Vương,Street,District 6,,Phường 10,,Phường Bình Phú,,,Unknown,Rain,Flooded streets ,SRC_53,Newspaper,Medium,Street point,,
540,Obs_419,19/11/2010,2010,Đường Châu Văn Liêm,Street,District 5,,Phường 14,,Phường Chợ Lớn,,,Unknown,Rain,Flooded streets ,SRC_53,Newspaper,Medium,Street point,,
542,Obs_420,19/11/2010,2010,Đường Trần Đại Nghĩa,Street,Bình Chánh,,,Xã Tân Kiên,Xã Tân Nhựt,,,Unknown,Rain,Flooded streets ,SRC_53,Newspaper,Medium,Street point,,
543,Obs_421,19/11/2010,2010,Đường Đinh Bộ Lĩn,Street,Bình Thạnh,,Phường 24,,Phường Bình Thạnh,,,Unknown,Combined,Traffic distruption ,SRC_53,Newspaper,Low,Street point,,
544,Obs_422,19/11/2010,2010,Đường Bạch Đằng,Street,Bình Thạnh,,Phường 15,,Phường Gia Định,,,Unknown,Combined,Traffic distruption ,SRC_53,Newspaper,Low,Street point,,
545,Obs_423,19/11/2010,2010,Đường Xô Viết Nghệ Tĩnh,Street,Bình Thạnh,,Phường 17,,Phường Gia Định,,,Unknown,Combined,Traffic distruption ,SRC_53,Newspaper,Medium,Street point,,
548,Obs_424,19/11/2010,2010,Đường Điện Biên Phủ,Street,Bình Thạnh,,Phường 17,,Phường Gia Định,,,Unknown,Combined,Traffic distruption ,SRC_53,Newspaper,Medium,Street point,,
549,Obs_425,19/11/2010,2010,Đường Võ Thị Sáu - Dinh Tien Hoang,Street,District 1,,Phường Tân Định,,Phường Tân Định,,,Unknown,Rain,Traffic distruption ,SRC_53,Newspaper,Medium,Street point,,
